year,share_capital,reserves,borrowings,other_liabilities,total_liabilities,fixed_assets,cwip,investments,other_assets,total_assets,symbol
Mar 2011,491,"21,996","5,280","9,053","36,820","10,488",503,"5,241","20,588","36,820",WIPRO
Mar 2012,492,"26,526","5,896","10,318","43,231","12,436",347,"4,472","25,977","43,231",WIPRO
Mar 2013,492,"26,072","6,381","10,675","43,621","9,996",407,"6,765","26,454","43,621",WIPRO
Mar 2014,493,"31,636","5,159","12,245","49,533","10,649",369,"6,146","32,368","49,533",WIPRO
Mar 2015,494,"36,598","7,891","13,367","58,350","10,837",395,"5,532","41,586","58,350",WIPRO
Mar 2016,494,"45,651","12,522","12,924","71,590","17,279",381,"20,915","33,016","71,590",WIPRO
Mar 2017,486,"51,184","14,241","12,761","78,672","19,886",738,"29,913","28,135","78,672",WIPRO
Mar 2018,905,"47,022","13,901","13,563","75,391","18,127","1,378","25,797","30,090","75,391",WIPRO
Mar 2019,"1,207","55,216","9,947","16,217","82,586","17,465","2,142","22,887","40,093","82,586",WIPRO
Mar 2020,"1,143","54,179","9,724","15,954","81,000","22,062","1,881","20,032","37,024","81,000",WIPRO
Mar 2021,"1,096","53,805","10,451","17,213","82,566","23,040","1,853","18,775","38,898","82,566",WIPRO
Mar 2022,"1,096","64,307","17,593","24,280","107,276","37,990","1,602","26,154","41,531","107,276",WIPRO
Sep 2022,"1,097","70,215","19,459","22,972","113,743","43,937","1,733","29,635","38,438","113,743",WIPRO
Mar 2011,"2,981","151,112","84,152","69,274","307,519","158,100","28,174","21,596","99,649","307,519",RELIANCE
Mar 2012,"2,979","166,466","92,447","65,299","327,191","138,814","25,363","38,596","124,418","327,191",RELIANCE
Mar 2013,"2,936","179,094","107,219","73,108","362,357","133,487","49,952","42,848","136,070","362,357",RELIANCE
Mar 2014,"2,940","195,730","138,761","91,412","428,843","141,417","91,494","60,602","135,330","428,843",RELIANCE
Mar 2015,"2,943","215,539","168,251","117,753","504,486","156,458","166,462","76,451","105,115","504,486",RELIANCE
Mar 2016,"2,948","228,600","194,714","172,735","598,997","184,910","228,697","84,015","101,375","598,997",RELIANCE
Mar 2017,"2,959","260,746","217,475","225,622","706,802","198,526","324,837","82,899","100,540","706,802",RELIANCE
Mar 2018,"5,922","287,569","239,843","277,939","811,273","403,885","187,022","82,862","137,504","811,273",RELIANCE
Mar 2019,"5,926","381,184","307,714","302,806","997,630","398,374","179,463","235,635","184,158","997,630",RELIANCE
Mar 2020,"6,339","442,826","355,133","358,717","1,163,015","532,658","109,106","276,767","244,484","1,163,015",RELIANCE
Mar 2021,"6,445","653,884","278,962","380,774","1,320,065","541,258","125,953","364,828","288,026","1,320,065",RELIANCE
Mar 2022,"6,765","772,720","319,158","399,979","1,498,622","627,798","172,506","394,264","304,054","1,498,622",RELIANCE
Mar 2011,296,"24,209",75,"8,092","32,572","7,479","1,194","1,763","22,136","32,572",TCS
Mar 2012,296,"29,284",127,"11,551","41,157","8,662","1,446","1,350","29,698","41,157",TCS
Mar 2013,296,"38,350",232,"13,154","51,932","9,828","1,895","1,897","38,312","51,932",TCS
Mar 2014,196,"48,999",297,"17,337","66,829","9,544","3,168","3,434","50,682","66,829",TCS
Mar 2015,196,"50,439",358,"22,325","73,318","11,638","2,766","1,662","57,252","73,318",TCS
Mar 2016,197,"70,875",245,"16,974","88,291","11,774","1,670","22,822","52,025","88,291",TCS
Mar 2017,197,"86,017",289,"15,830","102,333","11,701","1,541","41,980","47,111","102,333",TCS
Mar 2018,191,"84,937",247,"19,751","105,126","11,973","1,278","36,008","55,867","105,126",TCS
Mar 2019,375,"89,071",62,"24,393","113,901","12,290",963,"29,330","71,318","113,901",TCS
Mar 2020,375,"83,751","8,174","27,820","120,120","20,928",906,"26,356","71,930","120,120",TCS
Mar 2021,370,"86,063","7,795","35,764","129,992","21,021",926,"29,373","78,672","129,992",TCS
Mar 2022,366,"88,773","7,818","43,967","140,924","21,298","1,205","30,485","87,936","140,924",TCS
Sep 2022,366,"97,088","7,460","43,259","148,173","20,277","1,513","43,118","83,265","148,173",TCS
Mar 2011,110,"17,617","32,960","12,868","63,555","17,466","25,361",334,"20,394","63,555",ADANIENT
Mar 2012,110,"19,362","69,479","18,010","106,960","37,735","37,221",542,"31,463","106,960",ADANIENT
Mar 2013,110,"21,286","69,332","21,143","111,871","48,770","29,248",323,"33,529","111,871",ADANIENT
Mar 2014,110,"23,647","71,980","22,365","118,102","70,579","13,574",288,"33,661","118,102",ADANIENT
Mar 2015,110,"25,618","83,571","21,420","130,718","83,834","6,733",744,"39,407","130,718",ADANIENT
Mar 2016,110,"13,268","19,169","9,132","41,679","10,473","7,705",805,"22,696","41,679",ADANIENT
Mar 2017,110,"14,026","20,846","12,630","47,611","13,668","7,731","1,042","25,170","47,611",ADANIENT
Mar 2018,110,"14,979","17,637","23,679","56,405","10,555","5,526","1,461","38,864","56,405",ADANIENT
Mar 2019,110,"14,646","11,243","16,537","42,536","9,020","5,765","1,511","26,240","42,536",ADANIENT
Mar 2020,110,"16,837","12,419","17,509","46,875","10,476","7,347","1,952","27,099","46,875",ADANIENT
Mar 2021,110,"17,049","16,227","18,231","51,617","10,838","8,825","5,503","26,451","51,617",ADANIENT
Mar 2022,110,"20,329","41,604","39,543","101,586","30,123","23,544","4,292","43,627","101,586",ADANIENT
Mar 2011,403,"3,786","3,592","1,739","9,519","6,391","1,717",67,"1,344","9,519",ADANIPORTS
Mar 2012,403,"4,412","17,565","3,536","25,914","18,428","3,638",70,"3,778","25,914",ADANIPORTS
Mar 2013,403,"5,993","11,617","3,025","21,035","11,382","2,951",222,"6,480","21,035",ADANIPORTS
Mar 2014,417,"8,351","12,976","2,936","24,677","13,163","2,025",63,"9,426","24,677",ADANIPORTS
Mar 2015,417,"10,351","17,773","3,544","32,082","20,527","1,276",260,"10,020","32,082",ADANIPORTS
Mar 2016,414,"12,925","22,342","2,704","38,385","20,883","1,967",545,"14,990","38,385",ADANIPORTS
Mar 2017,414,"16,946","22,214","3,795","43,369","21,054","4,514","1,161","16,641","43,369",ADANIPORTS
Mar 2018,672,"20,489","22,112","4,217","47,233","22,670","4,545","1,079","18,938","47,233",ADANIPORTS
Mar 2019,680,"23,958","27,446","4,493","56,311","28,121","4,483",782,"22,924","56,311",ADANIPORTS
Mar 2020,670,"25,051","29,979","6,481","61,917","32,715","3,216","1,178","24,808","61,917",ADANIPORTS
Mar 2021,679,"30,035","35,583","8,557","74,582","48,291","3,697","2,236","20,358","74,582",ADANIPORTS
Mar 2022,704,"37,661","47,619","8,181","93,883","56,811","3,986","5,961","27,125","93,883",ADANIPORTS
Mar 2011,62,"1,768",957,815,"3,602","1,530",361,502,"1,210","3,602",APOLLOHOSP
Mar 2012,67,"2,401",817,698,"3,983","2,011",209,564,"1,198","3,983",APOLLOHOSP
Mar 2013,70,"2,677","1,213",854,"4,814","2,341",403,527,"1,543","4,814",APOLLOHOSP
Mar 2014,70,"2,907","1,344","1,029","5,350","2,681",491,322,"1,855","5,350",APOLLOHOSP
Mar 2015,70,"3,101","1,992","1,297","6,459","3,244",533,311,"2,372","6,459",APOLLOHOSP
Mar 2016,70,"3,261","2,834","1,195","7,360","3,997",562,352,"2,448","7,360",APOLLOHOSP
Mar 2017,70,"3,240","3,125","1,668","8,103","4,591",347,406,"2,759","8,103",APOLLOHOSP
Mar 2018,70,"3,182","3,427","1,917","8,596","4,773",712,352,"2,759","8,596",APOLLOHOSP
Mar 2019,70,"3,264","3,673","2,159","9,166","4,982",822,462,"2,901","9,166",APOLLOHOSP
Mar 2020,70,"3,270","3,596","4,354","11,289","7,432",236,434,"3,187","11,289",APOLLOHOSP
Mar 2021,72,"4,531","4,160","2,629","11,392","6,778",234,"1,343","3,037","11,392",APOLLOHOSP
Mar 2022,72,"5,551","4,068","3,493","13,184","8,269",46,780,"4,090","13,184",APOLLOHOSP
Mar 2011,96,"2,092",233,"2,190","4,611","1,310",43,429,"2,828","4,611",ASIANPAINT
Mar 2012,96,"2,653",341,"2,623","5,712","1,301",617,355,"3,440","5,712",ASIANPAINT
Mar 2013,96,"3,288",251,"3,149","6,784","2,441",59,296,"3,989","6,784",ASIANPAINT
Mar 2014,96,"3,943",249,"3,787","8,075","2,562",72,"1,424","4,019","8,075",ASIANPAINT
Mar 2015,96,"4,646",418,"3,754","8,914","2,660",196,"1,588","4,471","8,914",ASIANPAINT
Mar 2016,96,"6,429",323,"3,711","10,559","3,416",107,"2,712","4,324","10,559",ASIANPAINT
Mar 2017,96,"7,508",560,"4,241","12,405","3,304",258,"2,652","6,192","12,405",ASIANPAINT
Mar 2018,96,"8,314",533,"4,820","13,763","3,732","1,405","2,141","6,485","13,763",ASIANPAINT
Mar 2019,96,"9,375","1,320","5,459","16,249","6,497",210,"2,569","6,974","16,249",ASIANPAINT
Mar 2020,96,"10,034","1,118","4,889","16,138","6,272",140,"2,019","7,707","16,138",ASIANPAINT
Mar 2021,96,"12,710","1,093","6,456","20,355","5,859",183,"4,737","9,577","20,355",ASIANPAINT
Mar 2022,96,"13,716","1,587","7,560","22,958","5,519",426,"3,248","13,765","22,958",ASIANPAINT
Sep 2022,96,"14,007","1,866","8,273","24,242","5,595",335,"3,083","15,228","24,242",ASIANPAINT
Mar 2011,411,"18,484","215,434","8,238","242,567","2,270",23,"71,788","168,486","242,567",AXISBANK
Mar 2012,413,"22,269","254,059","8,675","285,417","2,204",80,"92,921","190,211","285,417",AXISBANK
Mar 2013,468,"32,690","296,254","11,145","340,558","2,245",142,"113,378","224,792","340,558",AXISBANK
Mar 2014,470,"37,926","333,280","14,674","386,350","2,346",102,"113,093","270,810","386,350",AXISBANK
Mar 2015,474,"44,475","406,638","15,656","467,243","2,447",105,"118,527","346,164","467,243",AXISBANK
Mar 2016,477,"53,082","472,150","20,678","546,387","3,358",216,"131,399","411,414","546,387",AXISBANK
Mar 2017,479,"55,901","527,437","27,644","611,462","3,518",292,"129,018","478,633","611,462",AXISBANK
Mar 2018,513,"63,694","611,425","28,071","703,703","3,697",352,"153,037","546,618","703,703",AXISBANK
Mar 2019,514,"67,288","711,996","34,248","814,046","3,842",288,"174,056","635,860","814,046",AXISBANK
Mar 2020,564,"85,776","797,337","44,194","927,872","3,912",483,"155,282","768,196","927,872",AXISBANK
Mar 2021,613,"102,981","850,551","46,859","1,001,005","4,501",118,"225,336","771,050","1,001,005",AXISBANK
Mar 2022,614,"117,496","1,020,692","56,726","1,195,529","4,753",215,"274,608","915,952","1,195,529",AXISBANK
Mar 2011,289,"4,518",347,"3,994","9,149","1,855",70,"4,211","3,013","9,149",BAJAJ-AUTO
Mar 2012,289,"5,792",150,"4,894","11,126","1,920",42,"4,473","4,692","11,126",BAJAJ-AUTO
Mar 2013,289,"7,776",116,"4,461","12,642","2,355",294,"6,059","3,934","12,642",BAJAJ-AUTO
Mar 2014,289,"9,878",59,"5,081","15,308","2,660",144,"8,448","4,056","15,308",BAJAJ-AUTO
Mar 2015,289,"10,806",112,"4,758","15,966","2,448",255,"8,985","4,277","15,966",BAJAJ-AUTO
Mar 2016,289,"13,731",118,"3,102","17,240","2,026",52,"11,067","4,095","17,240",BAJAJ-AUTO
Mar 2017,289,"17,567",120,"3,661","21,638","2,002",42,"15,477","4,117","21,638",BAJAJ-AUTO
Mar 2018,289,"20,136",121,"4,595","25,141","1,878",56,"18,895","4,312","25,141",BAJAJ-AUTO
Mar 2019,289,"22,944",125,"5,476","28,834","1,764",48,"20,603","6,420","28,834",BAJAJ-AUTO
Mar 2020,289,"21,373",126,"4,722","26,510","1,699",60,"19,914","4,837","26,510",BAJAJ-AUTO
Mar 2021,289,"26,984",121,"6,207","33,602","1,668",16,"24,687","7,232","33,602",BAJAJ-AUTO
Mar 2022,289,"29,570",123,"5,129","35,111","1,836",77,"26,634","6,564","35,111",BAJAJ-AUTO
Sep 2022,284,"25,753",124,"6,356","32,516","1,787",222,"22,786","7,721","32,516",BAJAJ-AUTO
Mar 2015,50,"4,750","26,655","1,325","32,780",252,0,326,"32,201","32,780",BAJFINANCE
Mar 2016,54,"7,271","37,025","2,624","46,973",290,0,"1,029","45,654","46,973",BAJFINANCE
Mar 2017,109,"9,491","49,250","4,881","63,731",366,0,"4,070","59,295","63,731",BAJFINANCE
Mar 2018,115,"15,733","66,557","2,393","84,798",470,0,"3,139","81,189","84,798",BAJFINANCE
Mar 2019,115,"19,582","101,588","2,948","124,233",695,0,"8,599","114,939","124,233",BAJFINANCE
Mar 2020,120,"32,208","129,806","2,257","164,391","1,321",0,"17,544","145,526","164,391",BAJFINANCE
Mar 2021,120,"36,798","131,634","2,918","171,470","1,316",51,"18,397","151,707","171,470",BAJFINANCE
Mar 2022,121,"43,592","165,232","3,561","212,505","1,716",34,"12,246","198,509","212,505",BAJFINANCE
Sep 2022,121,"47,922","183,273","4,407","235,723","1,995",14,"14,525","219,189","235,723",BAJFINANCE
Mar 2011,72,"3,652","6,693","43,599","54,017",580,14,"43,127","10,296","54,017",BAJAJFINSV
Mar 2012,72,"5,027","10,201","44,154","59,454",818,18,"43,506","15,113","59,454",BAJAJFINSV
Mar 2013,80,"7,724","12,991","44,576","65,370","1,208",2,"43,251","20,910","65,370",BAJAJFINSV
Mar 2014,80,"9,232","19,507","45,565","74,383","1,262",1,"45,314","27,805","74,383",BAJAJFINSV
Mar 2015,80,"10,885","26,312","50,952","88,228","1,261",3,"51,367","35,598","88,228",BAJAJFINSV
Mar 2016,80,"13,312","36,062","54,498","103,951","1,274",11,"53,698","48,969","103,951",BAJAJFINSV
Mar 2017,80,"15,736","48,282","64,516","128,614","1,645",4,"62,658","64,306","128,614",BAJAJFINSV
Mar 2018,80,"20,403","65,695","75,337","161,514","1,792",28,"69,428","90,266","161,514",BAJAJFINSV
Mar 2019,80,"23,660","99,754","84,934","208,428","2,097",66,"81,679","124,587","208,428",BAJAJFINSV
Mar 2020,80,"31,222","127,212","92,791","251,304","3,216",45,"91,821","156,223","251,304",BAJAJFINSV
Mar 2021,80,"35,750","128,461","115,554","279,845","3,182",129,"113,654","162,879","279,845",BAJAJFINSV
Mar 2022,80,"40,167","161,179","131,987","333,413","3,586",113,"119,222","210,493","333,413",BAJAJFINSV
Sep 2022,159,"42,303","179,047","138,766","360,275","3,997",61,"122,632","233,584","360,275",BAJAJFINSV
Mar 2011,362,"14,989","25,038","26,402","66,791","19,658","8,209","9,089","29,835","66,791",BPCL
Mar 2012,362,"15,518","30,153","31,781","77,814","24,988","4,534","7,891","40,401","77,814",BPCL
Mar 2013,723,"16,052","33,157","29,696","79,628","24,721","7,463","7,470","39,974","79,628",BPCL
Mar 2014,723,"18,703","33,152","35,882","88,460","27,580","9,372","6,985","44,523","88,460",BPCL
Mar 2015,723,"21,825","25,492","38,281","86,322","29,109","15,787","7,712","33,714","86,322",BPCL
Mar 2016,656,"27,138","23,388","35,241","86,422","25,358","17,459","9,401","34,203","86,422",BPCL
Mar 2017,"1,311","30,033","35,725","42,017","109,086","33,684","16,834","21,327","37,241","109,086",BPCL
Mar 2018,"1,967","35,108","37,659","45,621","120,356","45,539","9,875","23,725","41,217","120,356",BPCL
Mar 2019,"1,967","37,255","44,839","52,866","136,926","49,315","13,654","24,907","49,050","136,926",BPCL
Mar 2020,"1,967","35,022","65,476","48,395","150,860","60,175","17,757","27,029","45,900","150,860",BPCL
Mar 2021,"2,093","51,634","54,532","52,719","160,978","64,098","17,037","26,768","53,075","160,978",BPCL
Mar 2022,"2,129","49,866","64,534","70,999","187,529","83,901","15,433","23,616","64,578","187,529",BPCL
Mar 2011,"1,899","46,868","58,749","37,742","145,258","124,051","4,823",622,"15,761","145,258",BHARTIARTL
Mar 2012,"1,899","48,712","69,023","36,265","155,900","129,168","4,414","1,836","20,482","155,900",BHARTIARTL
Mar 2013,"1,899","48,423","66,736","40,912","157,970","125,674","2,992","7,710","21,594","157,970",BHARTIARTL
Mar 2014,"1,999","57,757","75,896","45,840","181,492","140,614",0,"15,531","25,347","181,492",BHARTIARTL
Mar 2015,"1,999","37,778","83,415","58,747","181,939","124,279","17,415","10,752","29,494","181,939",BHARTIARTL
Mar 2016,"1,999","64,823","100,646","57,004","224,472","172,293","5,702","11,977","34,500","224,472",BHARTIARTL
Mar 2017,"1,999","65,494","107,288","57,542","232,322","178,235","10,838","14,339","28,910","232,322",BHARTIARTL
Mar 2018,"1,999","67,600","111,334","68,589","249,521","187,200","9,751","16,159","36,411","249,521",BHARTIARTL
Mar 2019,"1,999","69,424","125,428","77,176","274,026","200,832","9,634","15,711","47,850","274,026",BHARTIARTL
Mar 2020,"2,728","74,417","148,228","133,718","359,091","229,256","4,282","25,476","100,077","359,091",BHARTIARTL
Mar 2021,"2,746","56,207","162,785","122,679","344,417","223,480","5,726","27,550","87,661","344,417",BHARTIARTL
Mar 2022,"2,795","63,759","169,678","124,975","361,207","244,083","5,955","29,349","81,820","361,207",BHARTIARTL
Mar 2011,24,302,618,675,"1,619",505,13,389,713,"1,619",BRITANNIA
Mar 2012,24,385,604,829,"1,842",624,111,249,858,"1,842",BRITANNIA
Mar 2013,24,532,380,948,"1,883",737,147,108,891,"1,883",BRITANNIA
Mar 2014,24,774,150,"1,159","2,107",848,107,198,954,"2,107",BRITANNIA
Mar 2015,24,"1,221",145,"1,403","2,793",844,48,518,"1,383","2,793",BRITANNIA
Mar 2016,24,"2,068",131,"1,271","3,494",950,90,788,"1,665","3,494",BRITANNIA
Mar 2017,24,"2,672",125,"1,288","4,109","1,160",30,487,"2,432","4,109",BRITANNIA
Mar 2018,24,"3,382",201,"1,581","5,188","1,346",203,"1,079","2,560","5,188",BRITANNIA
Mar 2019,24,"4,229",156,"1,829","6,238","1,688",101,"1,476","2,972","6,238",BRITANNIA
Mar 2020,24,"4,379","1,538","1,889","7,830","1,878",40,"2,893","3,019","7,830",BRITANNIA
Mar 2021,24,"3,524","2,122","2,331","8,000","1,793",117,"2,781","3,310","8,000",BRITANNIA
Mar 2022,24,"2,534","2,481","2,475","7,515","1,753",536,"1,762","3,463","7,515",BRITANNIA
Mar 2011,161,"6,506",572,"1,359","8,597","3,094",285,591,"4,626","8,597",CIPLA
Mar 2012,161,"7,478",29,"1,682","9,350","3,215",371,"1,269","4,494","9,350",CIPLA
Mar 2013,161,"8,858",967,"1,672","11,658","3,610",378,"2,532","5,138","11,658",CIPLA
Mar 2014,161,"9,890","1,248","2,102","13,400","6,496",442,709,"5,753","13,400",CIPLA
Mar 2015,161,"10,629","1,703","3,178","15,670","6,830",581,640,"7,620","15,670",CIPLA
Mar 2016,161,"11,356","5,202","4,331","21,049","9,368","2,061",759,"8,862","21,049",CIPLA
Mar 2017,161,"12,383","4,113","4,213","20,869","9,492","1,683",973,"8,721","20,869",CIPLA
Mar 2018,161,"14,068","4,098","4,346","22,673","9,950",981,"1,259","10,483","22,673",CIPLA
Mar 2019,161,"14,851","4,316","4,433","23,762","9,608",676,"2,554","10,923","23,762",CIPLA
Mar 2020,161,"15,602","2,816","4,843","23,423","9,683",825,"1,471","11,444","23,423",CIPLA
Mar 2021,161,"18,165","2,014","4,514","24,855","9,516",969,"2,710","11,661","24,855",CIPLA
Mar 2022,161,"20,680","1,056","4,960","26,857","9,683",766,"2,551","13,857","26,857",CIPLA
Mar 2011,"6,316","26,998","1,554","50,997","85,865","12,843","2,057","1,064","69,900","85,865",COALINDIA
Mar 2012,"6,316","34,137","1,527","65,006","106,986","13,440","2,903","1,981","88,661","106,986",COALINDIA
Mar 2013,"6,316","42,156","1,305","61,206","110,983","13,466","3,496","2,395","91,626","110,983",COALINDIA
Mar 2014,"6,316","36,088",178,"62,356","104,938","14,784","4,316","3,775","82,063","104,938",COALINDIA
Mar 2015,"6,316","34,037",408,"70,505","111,267","16,115","5,159","2,813","87,179","111,267",COALINDIA
Mar 2016,"6,316","28,517","1,199","77,528","113,560","22,082","4,553","2,906","84,018","113,560",COALINDIA
Mar 2017,"6,207","18,311","3,014","91,054","118,587","23,811","8,585","1,483","84,708","118,587",COALINDIA
Mar 2018,"6,207","13,971","1,538","103,754","125,471","27,574","10,273","1,704","85,920","125,471",COALINDIA
Mar 2019,"6,163","20,292","2,210","104,356","133,021","32,618","9,658","3,170","87,576","133,021",COALINDIA
Mar 2020,"6,163","25,994","6,434","111,430","150,020","36,784","8,328","1,973","102,936","150,020",COALINDIA
Mar 2021,"6,163","30,355","5,884","118,649","161,051","42,405","10,490","5,950","102,206","161,051",COALINDIA
Mar 2022,"6,163","36,980","3,514","132,776","179,432","46,677","12,897","9,706","110,152","179,432",COALINDIA
Mar 2011,27,"1,771",23,454,"2,275",590,104,526,"1,055","2,275",DIVISLAB
Mar 2012,27,"2,105",55,570,"2,757",738,182,477,"1,359","2,757",DIVISLAB
Mar 2013,27,"2,474",33,605,"3,139",909,303,408,"1,519","3,139",DIVISLAB
Mar 2014,27,"2,937",18,729,"3,710","1,222",144,502,"1,842","3,710",DIVISLAB
Mar 2015,27,"3,469",27,883,"4,405","1,309",218,733,"2,145","4,405",DIVISLAB
Mar 2016,53,"4,240",42,562,"4,898","1,439",264,803,"2,392","4,898",DIVISLAB
Mar 2017,53,"5,304",36,762,"6,155","1,559",444,"1,631","2,521","6,155",DIVISLAB
Mar 2018,53,"5,872",63,797,"6,785","1,996",120,"1,889","2,780","6,785",DIVISLAB
Mar 2019,53,"6,904",106,973,"8,036","2,088",492,"1,946","3,511","8,036",DIVISLAB
Mar 2020,53,"7,257",39,"1,183","8,531","2,782",920,971,"3,858","8,531",DIVISLAB
Mar 2021,53,"9,242",5,"1,471","10,771","3,704",711,0,"6,356","10,771",DIVISLAB
Mar 2022,53,"11,675",4,"1,628","13,360","4,325",470,72,"8,493","13,360",DIVISLAB
Mar 2011,85,"3,947","2,371","2,461","8,863","3,386",575,1,"4,902","8,863",DRREDDY
Mar 2012,85,"4,904","3,234","3,082","11,305","3,412",708,208,"6,977","11,305",DRREDDY
Mar 2013,85,"6,284","3,682","3,329","13,380","4,051",565,197,"8,567","13,380",DRREDDY
Mar 2014,85,"7,780","4,477","3,563","15,906","4,641",639,"1,067","9,559","15,906",DRREDDY
Mar 2015,85,"9,768","4,314","4,290","18,457","5,377",529,"2,248","10,303","18,457",DRREDDY
Mar 2016,85,"12,484","3,352","4,408","20,330","6,563",772,"3,833","9,162","20,330",DRREDDY
Mar 2017,83,"12,179","4,918","4,474","21,654","6,931","3,324","2,110","9,290","21,654",DRREDDY
Mar 2018,83,"12,489","5,071","4,706","22,349","6,968","3,470","2,298","9,612","22,349",DRREDDY
Mar 2019,83,"13,994","3,838","4,503","22,418","7,191","2,934","2,587","9,707","22,418",DRREDDY
Mar 2020,83,"15,616","2,210","5,314","23,223","6,850","1,535","2,678","12,160","23,223",DRREDDY
Mar 2021,83,"17,755","3,031","5,719","26,588","8,206","1,565","2,212","14,605","26,588",DRREDDY
Mar 2022,83,"19,289","3,384","6,988","29,746","8,122","1,293","2,616","17,715","29,746",DRREDDY
Dec 2010,27,"1,205",96,"1,636","2,963",384,70,459,"2,050","2,963",EICHERMOT
Dec 2011,27,"1,466",43,"2,257","3,793",504,352,513,"2,424","3,793",EICHERMOT
Dec 2012,27,"1,728",23,"2,694","4,471",992,504,638,"2,337","4,471",EICHERMOT
Dec 2013,27,"2,028",84,"3,197","5,337","1,656",464,825,"2,391","5,337",EICHERMOT
Dec 2014,27,"2,489",58,"3,829","6,403","2,309",419,"1,078","2,597","6,403",EICHERMOT
Mar 2016,27,"3,626",23,"1,263","4,939",790,94,"3,388",667,"4,939",EICHERMOT
Mar 2017,27,"5,318",112,"1,552","7,009",873,374,"4,987",775,"7,009",EICHERMOT
Mar 2018,27,"7,003",151,"2,341","9,522","1,502",333,"5,581","2,106","9,522",EICHERMOT
Mar 2019,27,"8,891",187,"2,281","11,387","1,875",450,"4,923","4,140","11,387",EICHERMOT
Mar 2020,27,"9,954",249,"2,220","12,450","2,378",312,"5,749","4,011","12,450",EICHERMOT
Mar 2021,27,"11,411",219,"2,901","14,559","2,433",314,"3,902","7,909","14,559",EICHERMOT
Mar 2022,27,"12,581",108,"3,485","16,201","2,424",505,"7,721","5,551","16,201",EICHERMOT
Mar 2011,129,"14,444","6,783","10,703","32,021","16,851",866,"7,933","6,372","32,021",GRASIM
Mar 2012,134,"16,935","7,038","12,466","36,531","17,549","2,461","7,876","8,645","36,531",GRASIM
Mar 2013,92,"19,522","9,550","14,959","44,123","20,561","6,084","8,011","9,467","44,123",GRASIM
Mar 2014,92,"21,478","9,681","16,485","47,736","25,209","4,045","7,611","10,872","47,736",GRASIM
Mar 2015,92,"22,989","11,930","19,022","54,033","31,828","2,755","7,255","12,194","54,033",GRASIM
Mar 2016,93,"27,336","12,505","19,642","59,576","34,271","1,788","10,601","12,916","59,576",GRASIM
Mar 2017,93,"31,291","9,213","22,150","62,747","34,786","1,297","14,200","12,464","62,747",GRASIM
Mar 2018,188,"57,227","67,014","83,526","207,899","69,257","2,290","65,995","70,356","207,899",GRASIM
Mar 2019,201,"57,885","84,418","98,692","241,127","87,129","2,766","62,747","88,484","241,127",GRASIM
Mar 2020,143,"56,498","84,766","102,786","244,181","87,736","3,904","66,337","86,204","244,181",GRASIM
Mar 2021,143,"65,359","79,067","122,791","267,349","85,023","5,769","88,017","88,540","267,349",GRASIM
Mar 2022,143,"75,564","74,733","138,721","289,149","88,996","6,615","96,766","96,771","289,149",GRASIM
Jun 2011,138,"7,514","2,187","4,061","13,901","5,246",556,738,"7,362","13,901",HCLTECH
Jun 2012,139,"9,696","2,179","6,323","18,338","6,453",578,673,"10,633","18,338",HCLTECH
Jun 2013,139,"13,020","1,044","8,196","22,399","6,753",494,713,"14,440","22,399",HCLTECH
Jun 2014,140,"19,402","1,018","9,419","29,980","7,444",531,662,"21,343","29,980",HCLTECH
Jun 2015,281,"23,943",648,"10,373","35,245","8,275",552,869,"25,548","35,245",HCLTECH
Mar 2016,282,"27,109","1,090","10,860","39,341","9,716",611,698,"28,315","39,341",HCLTECH
Mar 2017,285,"32,664",582,"12,231","45,762","15,235",448,"1,306","28,773","45,762",HCLTECH
Mar 2018,278,"36,108",557,"11,046","47,989","18,753",320,"2,660","26,256","47,989",HCLTECH
Mar 2019,271,"41,095","4,195","12,788","58,349","22,888",235,"2,305","32,921","58,349",HCLTECH
Mar 2020,543,"50,724","7,986","23,566","82,819","37,490",400,"7,066","37,863","82,819",HCLTECH
Mar 2021,543,"59,370","6,864","19,270","86,047","37,145",312,"6,862","41,728","86,047",HCLTECH
Mar 2022,543,"61,371","6,343","20,664","88,921","35,077",129,"6,351","47,364","88,921",HCLTECH
Sep 2022,543,"60,698","6,517","20,757","88,515","35,022",97,"5,205","48,191","88,515",HCLTECH
Mar 2011,465,"25,118","222,938","29,442","277,963","2,201",0,"70,277","205,485","277,963",HDFCBANK
Mar 2012,469,"29,741","272,874","37,971","341,055","2,378",0,"96,795","241,882","341,055",HDFCBANK
Mar 2013,476,"36,167","335,588","35,492","407,723","2,773",0,"110,960","293,989","407,723",HDFCBANK
Mar 2014,480,"43,687","416,677","42,776","503,620","3,026",0,"119,571","381,023","503,620",HDFCBANK
Mar 2015,501,"62,653","509,762","34,181","607,097","3,225",0,"149,454","454,417","607,097",HDFCBANK
Mar 2016,506,"73,798","649,587","38,321","762,212","3,667",0,"193,634","564,912","762,212",HDFCBANK
Mar 2017,513,"91,281","741,550","59,000","892,344","4,000",0,"210,777","677,567","892,344",HDFCBANK
Mar 2018,519,"109,080","944,817","48,770","1,103,186","4,008",0,"238,461","860,717","1,103,186",HDFCBANK
Mar 2019,545,"153,128","1,080,235","58,898","1,292,806","4,369",0,"289,446","998,991","1,292,806",HDFCBANK
Mar 2020,548,"175,810","1,333,041","71,430","1,580,830","4,776",0,"389,305","1,186,750","1,580,830",HDFCBANK
Mar 2021,551,"209,259","1,511,418","78,279","1,799,507","5,248",0,"438,823","1,355,435","1,799,507",HDFCBANK
Mar 2022,555,"246,772","1,784,970","90,639","2,122,934","6,432",0,"449,264","1,667,238","2,122,934",HDFCBANK
Mar 2011,"1,995","-1,514",0,"27,411","27,892",344,2,"26,451","1,094","27,892",HDFCLIFE
Mar 2012,"1,995","-1,140",0,"32,937","33,792",316,5,"32,148","1,323","33,792",HDFCLIFE
Mar 2013,"1,995",-657,0,"40,581","41,918",252,29,"40,405","1,232","41,918",HDFCLIFE
Mar 2014,"1,995",-66,0,"50,347","52,275",279,10,"50,529","1,457","52,275",HDFCLIFE
Mar 2015,"1,995",547,0,"66,767","69,309",345,6,"67,025","1,932","69,309",HDFCLIFE
Mar 2016,"1,995","1,113",0,"73,440","76,549",334,12,"74,230","1,972","76,549",HDFCLIFE
Mar 2017,"1,998","1,840",0,"91,267","95,106",337,16,"91,738","3,016","95,106",HDFCLIFE
Mar 2018,"2,012","2,706",0,"105,763","110,481",336,5,"106,603","3,537","110,481",HDFCLIFE
Mar 2019,"2,017","3,638",0,"124,350","130,005",323,10,"124,972","4,700","130,005",HDFCLIFE
Mar 2020,"2,019","4,776",0,"125,368","132,162",322,8,"127,226","4,606","132,162",HDFCLIFE
Mar 2021,"2,021","6,615",600,"170,346","179,582",327,13,"173,839","5,402","179,582",HDFCLIFE
Mar 2022,"2,113","13,370",600,"194,307","210,389",323,19,"204,170","5,876","210,389",HDFCLIFE
Sep 2022,"2,149","10,198",950,"218,802","232,099",365,0,"224,901","6,833","232,099",HDFCLIFE
Mar 2014,40,"5,583",284,"4,215","10,122","2,247",855,"4,106","2,914","10,122",HEROMOTOCO
Mar 2015,40,"6,500",100,"4,014","10,654","2,952",719,"3,118","3,864","10,654",HEROMOTOCO
Mar 2016,40,"8,794",232,"3,829","12,896","3,784",653,"4,501","3,958","12,896",HEROMOTOCO
Mar 2017,40,"10,276",261,"4,736","15,312","4,599",581,"6,066","4,066","15,312",HEROMOTOCO
Mar 2018,40,"11,932",228,"5,197","17,397","4,961",355,"7,669","4,411","17,397",HEROMOTOCO
Mar 2019,40,"13,080",312,"5,072","18,504","4,952",573,"6,114","6,865","18,504",HEROMOTOCO
Mar 2020,40,"14,366",453,"4,815","19,674","6,473",391,"8,359","4,451","19,674",HEROMOTOCO
Mar 2021,40,"15,376",584,"7,096","23,096","6,380",495,"10,582","5,639","23,096",HEROMOTOCO
Mar 2022,40,"15,807",605,"6,027","22,478","6,194",517,"10,528","5,240","22,478",HEROMOTOCO
Mar 2011,191,"28,832","29,437","26,409","84,870","32,405","9,252","10,855","32,358","84,870",HINDALCO
Mar 2012,191,"31,179","41,016","29,016","101,402","35,300","22,798","10,551","32,753","101,402",HINDALCO
Mar 2013,191,"34,597","56,951","28,850","120,590","37,929","33,834","12,601","36,226","120,590",HINDALCO
Mar 2014,206,"40,393","64,756","32,627","137,982","61,163","23,059","12,961","40,798","137,982",HINDALCO
Mar 2015,207,"38,122","68,468","34,950","141,746","71,959","14,111","12,346","43,330","141,746",HINDALCO
Mar 2016,205,"40,402","67,552","32,986","141,146","85,648","4,214","12,463","38,821","141,146",HINDALCO
Mar 2017,223,"45,832","63,817","36,272","146,144","84,687","1,814","15,157","44,486","146,144",HINDALCO
Mar 2018,223,"54,625","52,074","40,092","147,014","85,088","2,063","10,781","49,081","147,014",HINDALCO
Mar 2019,222,"57,275","52,415","42,060","151,972","85,860","4,097","9,012","53,003","151,972",HINDALCO
Mar 2020,222,"58,091","68,399","41,906","168,618","89,195","7,721","9,411","62,291","168,618",HINDALCO
Mar 2021,222,"66,307","67,206","55,087","188,822","100,269","10,202","17,133","61,218","188,822",HINDALCO
Mar 2022,222,"77,965","64,486","79,182","221,855","106,874","4,945","14,119","95,917","221,855",HINDALCO
Mar 2011,216,"2,519",0,"7,613","10,348","2,223",289,"1,188","6,647","10,348",HINDUNILVR
Mar 2012,216,"3,465",0,"7,726","11,407","2,263",228,"2,322","6,595","11,407",HINDUNILVR
Mar 2013,216,"2,649",25,"9,202","12,092","2,431",222,"2,252","7,186","12,092",HINDUNILVR
Mar 2014,216,"3,321",46,"10,171","13,754","2,746",373,"2,838","7,797","13,754",HINDUNILVR
Mar 2015,216,"3,811",43,"10,359","14,430","2,821",516,"3,025","8,067","14,430",HINDUNILVR
Mar 2016,216,"6,357",177,"8,043","14,793","3,258",408,"2,592","8,535","14,793",HINDUNILVR
Mar 2017,216,"6,528",277,"8,685","15,706","4,419",229,"3,794","7,264","15,706",HINDUNILVR
Mar 2018,216,"7,065",0,"10,581","17,862","4,528",461,"2,873","10,000","17,862",HINDUNILVR
Mar 2019,216,"7,651",99,"10,663","18,629","4,715",406,"2,716","10,792","18,629",HINDUNILVR
Mar 2020,216,"8,013",0,"11,924","20,153","5,479",597,"1,255","12,822","20,153",HINDUNILVR
Mar 2021,235,"47,439","1,009","20,057","68,740","51,443",745,"2,709","13,843","68,740",HINDUNILVR
Mar 2022,235,"48,826","1,043","20,402","70,506","51,473","1,313","3,521","14,199","70,506",HINDUNILVR
Sep 2022,235,"49,364","1,139","21,198","71,936","51,909","1,129","3,538","15,360","71,936",HINDUNILVR
Mar 2011,465,"25,118","222,938","29,442","277,963","2,201",0,"70,277","205,485","277,963",HDFC
Mar 2012,469,"29,741","272,874","37,971","341,055","2,378",0,"96,795","241,882","341,055",HDFC
Mar 2013,476,"36,167","335,588","35,492","407,723","2,773",0,"110,960","293,989","407,723",HDFC
Mar 2014,480,"43,687","416,677","42,776","503,620","3,026",0,"119,571","381,023","503,620",HDFC
Mar 2015,501,"62,653","509,762","34,181","607,097","3,225",0,"149,454","454,417","607,097",HDFC
Mar 2016,506,"73,798","649,587","38,321","762,212","3,667",0,"193,634","564,912","762,212",HDFC
Mar 2017,513,"91,281","741,550","59,000","892,344","4,000",0,"210,777","677,567","892,344",HDFC
Mar 2018,519,"109,080","944,817","48,770","1,103,186","4,008",0,"238,461","860,717","1,103,186",HDFC
Mar 2019,545,"153,128","1,080,235","58,898","1,292,806","4,369",0,"289,446","998,991","1,292,806",HDFC
Mar 2020,548,"175,810","1,333,041","71,430","1,580,830","4,776",0,"389,305","1,186,750","1,580,830",HDFC
Mar 2021,551,"209,259","1,511,418","78,279","1,799,507","5,248",0,"438,823","1,355,435","1,799,507",HDFC
Mar 2022,555,"246,772","1,784,970","90,639","2,122,934","6,432",0,"449,264","1,667,238","2,122,934",HDFC
Mar 2011,"1,152","54,150","384,945","93,521","533,768","5,490",0,"209,653","318,626","533,768",ICICIBANK
Mar 2012,"1,153","60,121","443,247","114,766","619,287","5,432",0,"239,864","373,991","619,287",ICICIBANK
Mar 2013,"1,154","67,604","487,659","118,405","674,822","5,473",0,"255,667","413,682","674,822",ICICIBANK
Mar 2014,"1,155","75,268","543,055","128,284","747,762","5,507",0,"267,609","474,646","747,762",ICICIBANK
Mar 2015,"1,160","83,537","597,207","144,175","826,079","5,871",0,"274,311","545,897","826,079",ICICIBANK
Mar 2016,"1,163","92,941","671,455","153,197","918,756","8,713",0,"286,044","623,999","918,756",ICICIBANK
Mar 2017,"1,165","103,461","700,874","180,225","985,725","9,338",0,"304,373","672,013","985,725",ICICIBANK
Mar 2018,"1,286","109,338","815,198","198,459","1,124,281","9,465",0,"372,208","742,608","1,124,281",ICICIBANK
Mar 2019,"1,289","112,959","891,641","232,904","1,238,794","9,660",0,"398,201","830,933","1,238,794",ICICIBANK
Mar 2020,"1,295","121,662","1,014,636","239,699","1,377,292","10,409",0,"443,473","923,411","1,377,292",ICICIBANK
Mar 2021,"1,383","156,201","1,103,840","312,388","1,573,812","10,917",0,"536,579","1,026,317","1,573,812",ICICIBANK
Mar 2022,"1,390","180,396","1,252,968","317,883","1,752,637","10,707",0,"567,098","1,174,833","1,752,637",ICICIBANK
Mar 2011,774,"15,716",125,"9,777","26,391","9,172","1,368","4,868","10,984","26,391",ITC
Mar 2012,782,"18,677",118,"10,509","30,085","10,007","2,396","5,207","12,475","30,085",ITC
Mar 2013,790,"22,368",102,"12,069","35,329","12,140","2,062","5,981","15,146","35,329",ITC
Mar 2014,795,"26,442",242,"13,369","40,848","12,921","3,117","7,284","17,526","40,848",ITC
Mar 2015,802,"30,934",269,"13,948","45,952","15,303","2,700","6,943","21,006","45,952",ITC
Mar 2016,805,"41,875",84,"8,888","51,651","15,107","2,560","11,748","22,237","51,651",ITC
Mar 2017,"1,215","45,198",46,"9,440","55,898","15,893","3,730","17,581","18,694","55,898",ITC
Mar 2018,"1,220","51,290",36,"11,695","64,241","16,524","5,508","22,053","20,156","64,241",ITC
Mar 2019,"1,226","57,915",13,"12,585","71,739","19,374","4,136","25,043","23,185","71,739",ITC
Mar 2020,"1,229","64,044",277,"11,760","77,311","21,713","3,256","28,663","23,678","77,311",ITC
Mar 2021,"1,231","59,116",271,"13,143","73,761","23,298","4,011","24,871","21,580","73,761",ITC
Mar 2022,"1,232","61,223",249,"14,491","77,196","24,232","3,226","24,841","24,898","77,196",ITC
Sep 2022,"1,240","64,384",253,"16,281","82,157","25,046","3,319","24,834","28,958","82,157",ITC
Mar 2011,466,"3,576","39,891","1,703","45,636",572,24,"13,551","31,489","45,636",INDUSINDBK
Mar 2012,468,"4,263","51,044","1,822","57,596",614,43,"14,572","42,367","57,596",INDUSINDBK
Mar 2013,523,"7,097","63,576","2,111","73,307",741,16,"19,654","52,896","73,307",INDUSINDBK
Mar 2014,526,"8,506","75,264","2,730","87,026",991,25,"21,563","64,447","87,026",INDUSINDBK
Mar 2015,529,"10,101","94,752","6,404","111,787","1,120",38,"22,878","87,751","111,787",INDUSINDBK
Mar 2016,595,"17,087","117,996","7,219","142,897","1,218",37,"34,054","107,587","142,897",INDUSINDBK
Mar 2017,598,"20,033","149,026","8,992","178,648","1,307",28,"36,702","140,611","178,648",INDUSINDBK
Mar 2018,600,"23,227","189,928","7,871","221,626","1,313",25,"50,077","170,211","221,626",INDUSINDBK
Mar 2019,603,"26,072","242,189","8,956","277,819","1,688",22,"59,266","216,843","277,819",INDUSINDBK
Mar 2020,694,"33,330","262,793","10,241","307,058","1,742",78,"59,980","245,257","307,058",INDUSINDBK
Mar 2021,773,"42,587","307,528","12,085","362,973","1,734",75,"69,695","291,469","362,973",INDUSINDBK
Mar 2022,775,"46,906","341,005","13,289","401,975","1,754",95,"70,971","329,155","401,975",INDUSINDBK
Mar 2011,286,"25,690",0,"5,317","31,293","5,235",264,144,"25,650","31,293",INFY
Mar 2012,286,"31,046",0,"7,025","38,357","5,555",590,372,"31,840","38,357",INFY
Mar 2013,286,"37,708",0,"8,281","46,275","7,139","1,140","2,116","35,880","46,275",INFY
Mar 2014,286,"44,244",0,"12,436","56,966","8,378",961,"4,331","43,296","56,966",INFY
Mar 2015,572,"50,164",0,"15,553","66,289","11,346",776,"2,270","51,897","66,289",INFY
Mar 2016,"1,144","60,600",0,"13,354","75,098","13,386",960,"1,892","58,860","75,098",INFY
Mar 2017,"1,144","67,838",0,"14,166","83,148","14,179","1,365","16,423","51,181","83,148",INFY
Mar 2018,"1,088","63,835",0,"14,426","79,349","12,574","1,606","12,163","53,006","79,349",INFY
Mar 2019,"2,170","62,778",0,"19,118","84,066","15,710","1,388","11,261","55,707","84,066",INFY
Mar 2020,"2,122","63,328","4,633","21,717","91,800","23,789",954,"8,792","58,265","91,800",INFY
Mar 2021,"2,124","74,227","5,325","25,835","107,511","25,505",922,"14,205","66,879","107,511",INFY
Mar 2022,"2,098","73,252","5,474","35,905","116,729","25,800",416,"20,324","70,189","116,729",INFY
Sep 2022,"2,099","77,882","6,522","40,728","127,231","27,264",402,"24,448","75,117","127,231",INFY
Mar 2011,563,"15,437","16,476","13,691","45,888","26,904","6,023","2,914","10,048","45,888",JSWSTEEL
Mar 2012,563,"16,186","19,909","17,543","53,922","33,812","2,832","2,090","15,189","53,922",JSWSTEEL
Mar 2013,563,"16,781","21,346","19,102","57,513","34,717","5,898","1,750","15,148","57,513",JSWSTEEL
Mar 2014,"1,067","20,871","34,762","21,704","77,640","47,046","9,400",663,"20,531","77,640",JSWSTEEL
Mar 2015,"1,067","21,987","37,990","25,374","85,654","52,176","8,265",599,"24,613","85,654",JSWSTEEL
Mar 2016,301,"18,665","42,204","20,737","81,907","56,140","7,271","1,195","17,302","81,907",JSWSTEEL
Mar 2017,301,"22,346","43,334","22,024","88,005","58,730","4,363","1,366","23,546","88,005",JSWSTEEL
Mar 2018,510,"27,696","39,185","24,787","91,970","57,848","5,950","1,469","26,703","91,970",JSWSTEEL
Mar 2019,321,"34,494","47,376","32,626","114,797","62,644","11,889","1,894","38,370","114,797",JSWSTEEL
Mar 2020,325,"36,298","61,399","33,822","131,820","62,085","27,191","1,259","41,285","131,820",JSWSTEEL
Mar 2021,328,"45,308","66,701","34,852","147,163","64,917","32,566","7,427","42,253","147,163",JSWSTEEL
Mar 2022,330,"66,996","72,208","56,980","196,485","99,880","16,905","4,940","74,760","196,485",JSWSTEEL
Sep 2022,301,"61,706","77,737","56,735","196,479","101,422","18,907","5,087","71,063","196,479",JSWSTEEL
Mar 2011,368,"10,595","49,386","13,308","73,657",600,0,"26,049","47,008","73,657",KOTAKBANK
Mar 2012,370,"12,531","65,655","13,766","92,323",615,0,"31,658","60,049","92,323",KOTAKBANK
Mar 2013,373,"14,876","85,561","15,024","115,835",620,0,"40,907","74,308","115,835",KOTAKBANK
Mar 2014,385,"18,691","85,937","17,184","122,197","1,264",0,"38,791","82,142","122,197",KOTAKBANK
Mar 2015,386,"21,767","104,258","22,052","148,464","1,385",0,"45,589","101,490","148,464",KOTAKBANK
Mar 2016,917,"32,443","179,679","27,764","240,804","1,761",0,"70,274","168,769","240,804",KOTAKBANK
Mar 2017,920,"37,570","205,230","32,467","276,188","1,759",0,"68,462","205,967","276,188",KOTAKBANK
Mar 2018,953,"49,533","249,840","37,395","337,720","2,543",0,"90,977","244,201","337,720",KOTAKBANK
Mar 2019,"1,454","56,825","291,263","46,128","395,171","2,697",0,"103,487","288,987","395,171",KOTAKBANK
Mar 2020,"1,457","65,678","325,977","50,562","443,173","2,675",0,"111,197","329,301","443,173",KOTAKBANK
Mar 2021,"1,491","83,346","326,610","67,907","478,854","2,554",0,"156,946","319,355","478,854",KOTAKBANK
Mar 2022,"1,492","95,642","365,235","84,629","546,498","2,723",0,"164,529","379,245","546,498",KOTAKBANK
Mar 2011,122,"24,929","37,216","32,447","94,713","15,624","12,362","9,216","57,511","94,713",LT
Mar 2012,122,"29,264","51,568","38,228","119,182","19,403","14,913","8,789","76,076","119,182",LT
Mar 2013,123,"33,737","63,144","45,924","142,928","30,389","11,351","8,768","92,421","142,928",LT
Mar 2014,185,"37,526","80,846","50,324","168,881","32,397","14,179","8,109","114,197","168,881",LT
Mar 2015,186,"40,723","93,630","58,727","193,266","34,738","14,993","9,612","133,923","193,266",LT
Mar 2016,"1,499","43,994","86,822","63,088","194,091","14,176","10,974","15,465","153,475","194,091",LT
Mar 2017,"1,334","49,877","92,807","68,700","211,571","16,677","13,298","19,753","161,843","211,571",LT
Mar 2018,"1,186","54,466","106,619","81,874","243,240","18,580","13,443","15,311","195,905","243,240",LT
Mar 2019,"1,257","61,941","124,579","91,236","278,036","21,194","13,919","20,907","222,016","278,036",LT
Mar 2020,"1,685","66,442","141,770","98,194","306,687","43,653","3,311","20,047","239,675","306,687",LT
Mar 2021,"1,405","75,588","133,505","100,721","310,095","44,319",500,"39,627","225,649","310,095",LT
Mar 2022,497,"82,127","125,292","111,310","319,010","42,737","1,250","39,603","235,420","319,010",LT
Mar 2011,294,"13,990","17,047","19,005","50,337","14,708","1,408","4,714","29,506","50,337",M&M
Mar 2012,295,"16,409","23,121","23,623","63,448","17,198","1,488","5,347","39,414","63,448",M&M
Mar 2013,295,"19,666","28,711","27,460","76,131","18,307","1,631","6,440","49,752","76,131",M&M
Mar 2014,295,"23,012","35,167","29,415","87,889","18,381","2,191","8,082","59,234","87,889",M&M
Mar 2015,296,"25,561","37,911","30,608","94,376","19,047","3,032","10,027","62,270","94,376",M&M
Mar 2016,270,"26,222","41,553","31,806","99,852","20,585","2,371","11,603","65,293","99,852",M&M
Mar 2017,271,"29,467","48,762","35,296","113,835","20,989","4,279","14,662","73,905","113,835",M&M
Mar 2018,543,"36,232","55,898","43,696","136,369","26,182","4,269","16,018","89,900","136,369",M&M
Mar 2019,544,"39,439","70,848","51,057","161,889","28,983","4,760","18,268","109,878","161,889",M&M
Mar 2020,554,"39,415","82,092","43,655","165,716","29,689","6,856","19,210","109,960","165,716",M&M
Mar 2021,555,"41,027","80,625","42,762","164,968","21,380","7,873","28,778","106,938","164,968",M&M
Mar 2022,556,"46,567","77,605","47,661","172,388","26,018","6,703","30,060","109,607","172,388",M&M
Mar 2011,144,"14,164",454,"4,344","19,106","5,672",879,"5,439","7,116","19,106",MARUTI
Mar 2012,144,"15,530","1,421","6,004","23,099","7,746",943,"6,545","7,866","23,099",MARUTI
Mar 2013,151,"18,877","1,569","6,920","27,517","10,022","1,966","7,421","8,107","27,517",MARUTI
Mar 2014,151,"21,345","2,004","7,975","31,476","11,034","2,640","10,527","7,275","31,476",MARUTI
Mar 2015,151,"24,167",666,"9,492","34,477","12,490","1,890","13,298","6,800","34,477",MARUTI
Mar 2016,151,"30,465",231,"11,879","42,726","12,530","1,007","20,676","8,513","42,726",MARUTI
Mar 2017,151,"36,924",484,"14,402","51,960","13,311","1,252","29,151","8,247","51,960",MARUTI
Mar 2018,151,"42,408",121,"17,568","60,248","13,389","2,132","36,123","8,604","60,248",MARUTI
Mar 2019,151,"46,941",160,"16,717","63,969","15,437","1,607","37,504","9,421","63,969",MARUTI
Mar 2020,151,"49,262",184,"14,031","63,628","15,744","1,415","37,488","8,980","63,628",MARUTI
Mar 2021,151,"52,350",541,"18,335","71,376","14,989","1,497","42,945","11,946","71,376",MARUTI
Mar 2022,151,"55,182",426,"18,896","74,656","13,747","2,936","42,035","15,937","74,656",MARUTI
Mar 2011,"8,245","60,198","50,754","17,414","136,612","44,864","41,092","8,357","42,299","136,612",NTPC
Mar 2012,"8,245","66,157","59,804","21,049","155,255","51,131","50,398","6,545","47,180","155,255",NTPC
Mar 2013,"8,245","72,995","70,419","27,116","178,776","71,833","46,555","4,923","55,465","178,776",NTPC
Mar 2014,"8,245","79,084","81,455","31,334","200,118","84,208","53,825","3,300","58,785","200,118",NTPC
Mar 2015,"8,245","73,849","102,252","35,366","219,712","91,853","67,555","1,902","58,403","219,712",NTPC
Mar 2016,"8,245","83,330","99,424","33,666","224,665","92,929","75,046","6,473","50,217","224,665",NTPC
Mar 2017,"8,245","89,593","113,773","36,990","248,601","104,532","86,896","7,614","49,560","248,601",NTPC
Mar 2018,"8,245","95,318","130,049","48,880","282,492","128,245","83,386","8,876","61,985","282,492",NTPC
Mar 2019,"9,895","101,462","173,058","62,509","346,923","150,985","118,397","8,132","69,409","346,923",NTPC
Mar 2020,"9,895","108,945","202,984","55,746","377,569","187,803","98,508","9,307","81,951","377,569",NTPC
Mar 2021,"9,697","116,042","210,208","62,075","398,022","203,245","97,506","10,589","86,681","398,022",NTPC
Mar 2022,"9,697","125,677","210,707","69,671","415,752","224,923","91,126","10,626","89,076","415,752",NTPC
Dec 2010,96,759,0,"1,703","2,558","1,013",349,151,"1,046","2,558",NESTLEIND
Dec 2011,96,"1,178",971,"2,157","4,402","1,576","1,372",134,"1,320","4,402",NESTLEIND
Dec 2012,96,"1,702","1,050","2,315","5,164","3,204",344,365,"1,251","5,164",NESTLEIND
Dec 2013,96,"2,272","1,189","2,756","6,314","3,369",295,851,"1,799","6,314",NESTLEIND
Dec 2014,96,"2,741",20,"2,963","5,820","3,177",245,812,"1,586","5,820",NESTLEIND
Dec 2015,96,"2,721",18,"3,251","6,086","2,898",231,"1,325","1,633","6,086",NESTLEIND
Dec 2016,96,"3,186",33,"3,495","6,810","2,730",188,"1,756","2,136","6,810",NESTLEIND
Dec 2017,96,"3,324",35,"3,907","7,363","2,616",94,"1,979","2,673","7,363",NESTLEIND
Dec 2018,96,"3,577",35,"4,379","8,088","2,401",105,"2,658","2,924","8,088",NESTLEIND
Dec 2019,96,"1,822",189,"5,065","7,173","2,341",143,"1,751","2,937","7,173",NESTLEIND
Dec 2020,96,"1,923",147,"5,733","7,900","2,179",639,"1,464","3,618","7,900",NESTLEIND
Dec 2021,96,"1,988",266,"5,860","8,210","2,994",246,774,"4,196","8,210",NESTLEIND
Jun 2022,96,"2,232",280,"6,007","8,616","3,054",197,809,"4,556","8,616",NESTLEIND
Mar 2011,"4,278","111,049","6,704","71,495","193,527","35,859","34,760","3,100","119,808","193,527",ONGC
Mar 2012,"4,278","132,161","15,973","79,771","232,183","38,542","49,698","2,921","141,022","232,183",ONGC
Mar 2013,"4,278","148,250","20,686","80,211","253,424","49,104","53,385","2,128","148,807","253,424",ONGC
Mar 2014,"4,278","167,874","49,113","103,711","324,976","64,655","72,034","4,746","183,541","324,976",ONGC
Mar 2015,"4,278","176,177","53,944","103,448","337,847","88,928","63,393","4,749","180,776","337,847",ONGC
Mar 2016,"4,278","193,536","45,500","98,459","341,772","46,385","57,668","33,387","204,332","341,772",ONGC
Mar 2017,"6,417","187,969","80,029","170,111","444,525","81,510","59,042","70,746","233,227","444,525",ONGC
Mar 2018,"6,417","197,602","106,550","148,664","459,232","82,970","61,512","67,335","247,416","459,232",ONGC
Mar 2019,"6,290","210,644","107,742","167,667","492,343","86,011","69,056","66,909","270,367","492,343",ONGC
Mar 2020,"6,290","198,814","129,473","173,787","508,364","103,848","83,832","56,755","263,929","508,364",ONGC
Mar 2021,"6,290","214,691","133,187","187,580","541,748","104,466","100,309","60,320","276,653","541,748",ONGC
Mar 2022,"6,290","253,213","121,986","201,830","583,319","111,050","106,719","66,642","298,907","583,319",ONGC
Mar 2011,"4,630","16,788","41,612","14,632","77,662","38,040","24,076",952,"14,595","77,662",POWERGRID
Mar 2012,"4,630","18,953","54,355","14,194","92,133","48,415","28,886",774,"14,058","92,133",POWERGRID
Mar 2013,"4,630","21,773","69,233","17,748","113,384","62,568","35,265",586,"14,964","113,384",POWERGRID
Mar 2014,"5,232","29,466","84,220","22,562","141,480","74,252","50,069",423,"16,736","141,480",POWERGRID
Mar 2015,"5,232","33,207","96,243","26,102","160,784","91,191","53,681",220,"15,693","160,784",POWERGRID
Mar 2016,"5,232","38,738","108,545","26,797","179,312","115,094","45,611",919,"17,688","179,312",POWERGRID
Mar 2017,"5,232","44,634","118,988","26,809","195,662","137,678","38,264","1,165","18,555","195,662",POWERGRID
Mar 2018,"5,232","49,194","131,503","39,425","225,354","156,198","37,669","1,224","30,264","225,354",POWERGRID
Mar 2019,"5,232","53,857","146,376","41,916","247,380","172,740","37,631","1,296","35,713","247,380",POWERGRID
Mar 2020,"5,232","59,464","148,270","43,706","256,671","181,112","35,177","1,431","38,951","256,671",POWERGRID
Mar 2021,"5,232","64,704","143,232","42,539","255,708","183,726","24,838","1,486","45,659","255,708",POWERGRID
Mar 2022,"6,975","69,272","134,696","40,008","250,950","191,773","12,854","3,788","42,536","250,950",POWERGRID
Mar 2011,"1,000",630,0,"39,615","41,244",280,3,"39,625","1,336","41,244",SBILIFE
Mar 2012,"1,000","1,156",0,"46,085","48,240",263,2,"44,778","3,198","48,240",SBILIFE
Mar 2013,"1,000","1,736",0,"50,978","53,714",283,3,"50,047","3,382","53,714",SBILIFE
Mar 2014,"1,000","2,356",0,"57,284","60,640",304,4,"56,275","4,058","60,640",SBILIFE
Mar 2015,"1,000","3,056",0,"70,064","74,121",292,7,"69,385","4,437","74,121",SBILIFE
Mar 2016,"1,000","3,733",0,"78,696","83,429",301,146,"77,843","5,139","83,429",SBILIFE
Mar 2017,"1,000","4,552",0,"96,687","102,240",507,31,"95,830","5,871","102,240",SBILIFE
Mar 2018,"1,000","5,528",0,"115,193","121,720",511,70,"114,436","6,703","121,720",SBILIFE
Mar 2019,"1,000","6,576",0,"139,157","146,734",563,32,"139,325","6,814","146,734",SBILIFE
Mar 2020,"1,000","7,743",0,"156,837","165,580",568,13,"158,813","6,186","165,580",SBILIFE
Mar 2021,"1,000","9,400",0,"216,430","226,830",564,1,"218,756","7,509","226,830",SBILIFE
Mar 2022,"1,000","10,622",0,"261,715","273,337",524,3,"264,832","7,978","273,337",SBILIFE
Sep 2022,"1,001","11,215",0,"276,224","288,440",525,0,"279,704","8,211","288,440",SBILIFE
Mar 2011,635,"82,836","1,398,033","166,272","1,647,777","6,141",346,"419,066","1,222,223","1,647,777",SBIN
Mar 2012,671,"105,559","1,572,681","150,720","1,829,631","7,027",381,"460,949","1,361,274","1,829,631",SBIN
Mar 2013,684,"124,349","1,831,126","176,355","2,132,514","8,694",676,"519,343","1,603,801","2,132,514",SBIN
Mar 2014,747,"146,624","2,062,612","185,573","2,395,556","10,223",337,"579,401","1,805,595","2,395,556",SBIN
Mar 2015,747,"160,641","2,297,624","240,149","2,699,161","12,924",400,"673,507","2,012,329","2,699,161",SBIN
Mar 2016,776,"179,816","2,615,257","276,472","3,072,321","15,415",786,"807,375","2,248,746","3,072,321",SBIN
Mar 2017,797,"216,395","2,936,176","288,391","3,441,760","51,189",695,"1,027,281","2,362,594","3,441,760",SBIN
Mar 2018,892,"229,429","3,091,258","294,860","3,616,439","40,301",925,"1,183,794","2,391,419","3,616,439",SBIN
Mar 2019,892,"233,603","3,354,289","299,676","3,888,460","39,941",762,"1,119,270","2,728,487","3,888,460",SBIN
Mar 2020,892,"250,168","3,607,061","339,364","4,197,486","39,608",470,"1,228,284","2,929,123","4,197,486",SBIN
Mar 2021,892,"274,669","4,149,127","420,926","4,845,615","41,600",116,"1,595,100","3,208,798","4,845,615",SBIN
Mar 2022,892,"304,696","4,536,570","518,719","5,360,878","41,032",28,"1,776,490","3,543,328","5,360,878",SBIN
Mar 2011,104,"9,380",426,"2,329","12,238","3,293",235,"2,230","6,480","12,238",SUNPHARMA
Mar 2012,104,"12,132",321,"3,762","16,319","3,951",345,"2,213","9,810","16,319",SUNPHARMA
Mar 2013,104,"14,886",260,"5,128","20,377","5,647",563,"2,412","11,756","20,377",SUNPHARMA
Mar 2014,207,"18,318","2,561","8,009","29,095","6,817",842,"2,786","18,650","29,095",SUNPHARMA
Mar 2015,207,"25,383","8,996","14,137","48,723","12,682","2,039","2,716","31,286","48,723",SUNPHARMA
Mar 2016,241,"32,741","8,497","13,949","55,428","15,872","2,175","1,830","35,550","55,428",SUNPHARMA
Mar 2017,240,"36,400","9,832","14,624","61,095","17,675","2,801","1,192","39,427","61,095",SUNPHARMA
Mar 2018,240,"38,074","10,385","15,598","64,297","18,853","2,465","7,143","35,837","64,297",SUNPHARMA
Mar 2019,240,"41,169","10,514","12,666","64,590","21,837","1,411","7,903","33,439","64,590",SUNPHARMA
Mar 2020,240,"45,025","8,315","14,615","68,194","22,847","1,220","10,143","33,984","68,194",SUNPHARMA
Mar 2021,240,"46,223","3,869","17,291","67,622","21,553","1,567","9,612","34,890","67,622",SUNPHARMA
Mar 2022,240,"47,771","1,290","20,466","69,768","22,460","1,287","12,849","33,173","69,768",SUNPHARMA
Mar 2011,62,"3,895","1,041","2,766","7,764","3,771",31,587,"3,375","7,764",TATACONSUM
Mar 2012,62,"4,504",916,"2,797","8,279","4,244",49,567,"3,420","8,279",TATACONSUM
Mar 2013,62,"4,748","1,389","2,595","8,794","4,434",91,578,"3,691","8,794",TATACONSUM
Mar 2014,62,"5,787","1,438","2,625","9,911","5,181",60,611,"4,060","9,911",TATACONSUM
Mar 2015,62,"5,430","1,324","2,642","9,458","4,922",47,622,"3,867","9,458",TATACONSUM
Mar 2016,63,"6,184","1,354","2,294","9,895","4,662",39,"1,366","3,828","9,895",TATACONSUM
Mar 2017,63,"6,202",787,"2,499","9,551","4,573",63,"1,451","3,465","9,551",TATACONSUM
Mar 2018,63,"6,968","1,068","2,362","10,461","4,798",135,"1,161","4,366","10,461",TATACONSUM
Mar 2019,63,"7,269","1,141","2,408","10,881","4,913",424,"1,188","4,355","10,881",TATACONSUM
Mar 2020,92,"13,723","1,586","3,072","18,473","11,656",95,"1,323","5,399","18,473",TATACONSUM
Mar 2021,92,"14,442","1,634","4,050","20,218","12,023",113,806,"7,276","20,218",TATACONSUM
Mar 2022,92,"15,050","1,412","4,521","21,075","12,599",247,797,"7,431","21,075",TATACONSUM
Sep 2022,92,"14,797","1,294","4,627","20,811","12,576",245,"1,040","6,950","20,811",TATACONSUM
Mar 2011,635,"18,534","32,811","48,403","100,382","35,349","11,457","2,544","51,032","100,382",TATAMOTORS
Mar 2012,635,"32,064","47,149","62,919","142,766","44,360","15,946","8,918","73,542","142,766",TATAMOTORS
Mar 2013,638,"36,999","53,716","76,977","168,330","55,512","18,454","8,765","85,600","168,330",TATAMOTORS
Mar 2014,644,"64,960","60,642","92,180","218,426","69,092","33,263","10,687","105,385","218,426",TATAMOTORS
Mar 2015,644,"55,618","73,610","107,442","237,315","88,479","28,640","15,337","104,858","237,315",TATAMOTORS
Mar 2016,679,"78,273","69,360","114,872","263,184","107,232","25,919","23,767","106,266","263,184",TATAMOTORS
Mar 2017,679,"57,383","78,604","135,914","272,580","95,944","33,699","20,338","122,600","272,580",TATAMOTORS
Mar 2018,679,"94,749","88,950","142,813","327,192","121,414","40,034","20,813","144,932","327,192",TATAMOTORS
Mar 2019,679,"59,500","106,175","139,349","305,703","111,234","31,884","15,771","146,814","305,703",TATAMOTORS
Mar 2020,720,"61,491","124,788","133,181","320,179","127,107","35,622","16,308","141,141","320,179",TATAMOTORS
Mar 2021,766,"54,481","142,131","144,193","341,570","138,708","20,964","24,620","157,278","341,570",TATAMOTORS
Mar 2022,766,"43,795","146,449","138,051","329,061","138,855","10,251","29,380","150,575","329,061",TATAMOTORS
Mar 2011,959,"34,427","60,577","39,350","135,313","51,866","13,552","7,847","62,048","135,313",TATASTEEL
Mar 2012,994,"41,645","59,897","44,278","146,791","59,287","20,196","4,021","63,286","146,791",TATASTEEL
Mar 2013,993,"33,201","68,507","44,197","146,876","68,002","14,277","3,258","61,340","146,876",TATASTEEL
Mar 2014,991,"39,561","81,609","49,463","171,604","74,907","26,822","5,093","64,781","171,604",TATASTEEL
Mar 2015,971,"30,378","80,701","47,059","159,109","68,100","28,678","3,455","58,876","159,109",TATASTEEL
Mar 2016,970,"40,487","81,987","53,440","176,884","72,200","35,996","10,714","57,974","176,884",TATASTEEL
Mar 2017,970,"34,574","83,014","53,889","172,447","92,007","15,784","12,457","52,200","172,447",TATASTEEL
Mar 2018,"1,165","57,451","92,127","57,999","208,722","96,105","16,614","17,899","78,103","208,722",TATASTEEL
Mar 2019,"1,158","65,505","100,803","65,320","232,773","124,442","18,641","5,738","83,952","232,773",TATASTEEL
Mar 2020,"1,145","70,156","116,328","61,520","249,149","134,551","19,497","6,285","88,816","249,149",TATASTEEL
Mar 2021,"1,198","72,262","88,501","81,948","243,909","135,775","19,007","10,682","78,445","243,909",TATASTEEL
Mar 2022,"1,221","113,222","75,561","92,417","282,422","133,288","22,046","13,140","113,948","282,422",TATASTEEL
Mar 2011,126,"3,225","1,223","1,481","6,055",617,61,"2,908","2,470","6,055",TECHM
Mar 2012,128,"3,923","1,127","1,758","6,935",682,167,"3,588","2,498","6,935",TECHM
Mar 2013,128,"5,297","1,380","2,179","8,984","1,245",34,"4,099","3,607","8,984",TECHM
Mar 2014,234,"8,947",363,"6,396","15,940","2,594",266,"1,472","11,607","15,940",TECHM
Mar 2015,480,"11,768",700,"6,899","19,848","4,033",568,"2,103","13,145","19,848",TECHM
Mar 2016,436,"14,154","1,091","6,844","22,525","4,309",629,"1,297","16,289","22,525",TECHM
Mar 2017,439,"15,996","1,366","8,256","26,057","6,460",373,"2,396","16,828","26,057",TECHM
Mar 2018,442,"18,399","2,397","9,194","30,431","7,622",240,"4,841","17,728","30,431",TECHM
Mar 2019,444,"19,839","1,996","11,168","33,446","7,061",276,"7,342","18,766","33,446",TECHM
Mar 2020,436,"21,376","3,670","11,835","37,318","8,872",50,"5,848","22,548","37,318",TECHM
Mar 2021,437,"24,423","2,901","11,841","39,602","9,018",118,"10,238","20,228","39,602",TECHM
Mar 2022,439,"26,446","2,618","14,912","44,416","14,784",165,"4,884","24,583","44,416",TECHM
Mar 2011,44,991,68,"2,655","3,758",288,17,3,"3,451","3,758",TITAN
Mar 2012,89,"1,372",6,"3,243","4,710",384,25,2,"4,299","4,710",TITAN
Mar 2013,89,"1,881",0,"3,914","5,884",464,42,3,"5,375","5,884",TITAN
Mar 2014,89,"2,434",807,"2,781","6,111",614,33,3,"5,461","6,111",TITAN
Mar 2015,89,"2,995",100,"2,684","5,868",699,55,3,"5,111","5,868",TITAN
Mar 2016,89,"3,418",113,"2,723","6,342",771,107,30,"5,434","6,342",TITAN
Mar 2017,89,"4,144","1,882","2,293","8,408","1,189",152,431,"6,636","8,408",TITAN
Mar 2018,89,"5,001","1,691","2,740","9,521","1,474",43,36,"7,968","9,521",TITAN
Mar 2019,89,"5,981","2,393","3,247","11,710","1,567",32,108,"10,003","11,710",TITAN
Mar 2020,89,"6,580","3,562","3,313","13,544","2,633",18,158,"10,735","13,544",TITAN
Mar 2021,89,"7,408","5,638","3,309","16,444","2,523",32,"2,824","11,065","16,444",TITAN
Mar 2022,89,"9,214","7,275","4,610","21,188","2,544",85,294,"18,265","21,188",TITAN
Mar 2011,92,"3,634","2,679","1,800","8,205","2,321",57,823,"5,004","8,205",UPL
Mar 2012,92,"4,081","3,389","2,713","10,275","3,223",306,795,"5,952","10,275",UPL
Mar 2013,89,"4,557","4,203","3,487","12,336","3,489",378,"1,025","7,444","12,336",UPL
Mar 2014,86,"5,162","3,349","4,162","12,759","3,821",228,737,"7,973","12,759",UPL
Mar 2015,86,"5,775","3,281","5,143","14,284","4,031",583,764,"8,906","14,284",UPL
Mar 2016,86,"2,006","5,258","9,519","16,869","3,862",484,335,"12,188","16,869",UPL
Mar 2017,183,"7,214","6,361","6,536","20,212","4,071",792,378,"14,971","20,212",UPL
Mar 2018,102,"9,067","6,638","7,148","22,955","4,437","1,319","1,034","16,165","22,955",UPL
Mar 2019,102,"14,613","29,139","18,581","62,435","32,149","1,855",708,"27,723","62,435",UPL
Mar 2020,153,"19,129","29,388","19,758","68,428","35,321","2,073",558,"30,476","68,428",UPL
Mar 2021,153,"20,734","24,519","23,359","68,765","34,765","2,117",618,"31,265","68,765",UPL
Mar 2022,153,"24,508","26,746","29,196","80,603","36,193","2,501","1,922","39,987","80,603",UPL
Mar 2011,274,"10,373","5,541","5,439","21,626","12,775",760,"3,514","4,577","21,626",ULTRACEMCO
Mar 2012,274,"12,550","5,891","6,181","24,896","13,314","1,940","3,547","6,095","24,896",ULTRACEMCO
Mar 2013,274,"14,955","7,342","7,010","29,582","15,050","3,601","4,709","6,222","29,582",ULTRACEMCO
Mar 2014,274,"16,908","7,332","7,671","32,185","18,100","2,186","4,862","7,037","32,185",ULTRACEMCO
Mar 2015,274,"18,767","9,829","9,183","38,053","23,343","2,250","4,500","7,961","38,053",ULTRACEMCO
Mar 2016,274,"21,671","10,616","8,631","41,193","25,309","1,469","5,095","9,319","41,193",ULTRACEMCO
Mar 2017,275,"24,117","8,474","9,343","42,209","25,904",921,"6,691","8,693","42,209",ULTRACEMCO
Mar 2018,275,"26,107","19,480","11,280","57,141","39,715","1,511","5,447","10,468","57,141",ULTRACEMCO
Mar 2019,275,"28,088","25,337","22,826","76,525","56,645","1,153","2,921","15,806","76,525",ULTRACEMCO
Mar 2020,289,"38,755","23,019","17,151","79,214","57,151",920,"5,929","15,215","79,214",ULTRACEMCO
Mar 2021,289,"43,886","21,719","20,282","86,176","55,412","1,687","12,178","16,900","86,176",ULTRACEMCO
Mar 2022,289,"50,147","11,299","22,077","83,811","55,488","4,785","6,336","17,203","83,811",ULTRACEMCO
Sep 2022,289,"51,197","12,876","21,871","86,233","56,316","5,672","3,617","20,628","86,233",ULTRACEMCO