year,revenue,expenses,operating_profit,opm,other_income,interest,depreciation,profit_before_tax,tax,net_profit,eps_in_rs,dividend_payout,symbol
Jun 2019,"10,561","9,790",772,7%,453,354,100,771,35%,570,5,,ADANIENT
Sep 2019,"8,464","8,086",378,4%,33,375,110,-75,43%,-10,0,,ADANIENT
Dec 2019,"10,948","10,191",757,7%,127,323,122,440,27%,383,4,,ADANIENT
Mar 2020,"13,429","13,051",378,3%,269,520,141,-14,239%,97,1,,ADANIENT
Jun 2020,"5,265","5,201",64,1%,237,313,125,-138,-8%,-66,0,,ADANIENT
Sep 2020,"9,126","8,361",765,8%,186,304,124,524,24%,436,3,,ADANIENT
Dec 2020,"11,620","10,848",772,7%,88,323,132,404,29%,343,3,,ADANIENT
Mar 2021,"13,525","12,621",904,7%,-16,436,156,296,29%,333,2,,ADANIENT
Jun 2021,"12,579","11,782",796,6%,152,443,126,380,48%,266,2,,ADANIENT
Sep 2021,"13,218","12,335",883,7%,379,754,320,189,35%,195,2,,ADANIENT
Dec 2021,"18,758","17,986",772,4%,206,708,354,-84,-16%,2,0,,ADANIENT
Mar 2022,"24,866","23,603","1,262",5%,276,622,449,468,46%,326,3,,ADANIENT
Jun 2022,"40,844","39,102","1,742",4%,222,915,417,632,35%,469,4,,ADANIENT
Mar 2011,"2,000",701,"1,299",65%,110,167,239,"1,004",9%,916,5,20%,ADANIPORTS
Mar 2012,"2,697",952,"1,746",65%,34,281,316,"1,182",8%,"1,093",6,18%,ADANIPORTS
Mar 2013,"3,577","1,195","2,382",67%,344,542,422,"1,762",7%,"1,639",8,12%,ADANIPORTS
Mar 2014,"4,830","1,910","2,919",60%,685,977,649,"1,978",12%,"1,741",8,12%,ADANIPORTS
Mar 2015,"6,152","2,250","3,902",63%,686,"1,175",912,"2,501",7%,"2,324",11,10%,ADANIPORTS
Mar 2016,"7,109","2,532","4,577",64%,730,"1,124","1,063","3,119",9%,"2,856",14,8%,ADANIPORTS
Mar 2017,"8,439","3,021","5,418",64%,"1,037","1,116","1,160","4,179",7%,"3,902",19,7%,ADANIPORTS
Mar 2018,"11,323","4,166","7,157",63%,844,"1,579","1,188","5,234",30%,"3,690",18,11%,ADANIPORTS
Mar 2019,"10,925","4,330","6,596",60%,"1,289","1,385","1,373","5,126",21%,"4,045",19,1%,ADANIPORTS
Mar 2020,"11,873","5,926","5,947",50%,"1,928","1,951","1,680","4,244",11%,"3,785",19,17%,ADANIPORTS
Mar 2021,"12,550","4,577","7,973",64%,"2,682","2,255","2,107","6,292",20%,"5,049",25,20%,ADANIPORTS
Mar 2022,"15,934","7,052","8,882",56%,"1,939","2,541","2,740","5,541",13%,"4,795",22,22%,ADANIPORTS
TTM,"15,901","7,485","8,416",53%,"2,068","2,581","2,784","5,119",,"4,574",22,,ADANIPORTS
Mar 2011,"2,605","2,183",422,16%,12,78,95,261,33%,182,15,25%,APOLLOHOSP
Mar 2012,"3,148","2,631",517,16%,22,89,124,326,35%,218,16,25%,APOLLOHOSP
Mar 2013,"3,769","3,157",612,16%,33,103,142,399,26%,303,22,25%,APOLLOHOSP
Mar 2014,"4,357","3,681",676,16%,18,119,168,407,25%,315,23,25%,APOLLOHOSP
Mar 2015,"5,129","4,392",737,14%,47,118,212,455,29%,335,24,24%,APOLLOHOSP
Mar 2016,"6,150","5,465",684,11%,92,180,264,332,29%,235,17,35%,APOLLOHOSP
Mar 2017,"7,256","6,522",734,10%,60,257,314,222,41%,131,16,38%,APOLLOHOSP
Mar 2018,"8,243","7,442",801,10%,24,295,359,171,65%,60,8,59%,APOLLOHOSP
Mar 2019,"9,617","8,548","1,070",11%,26,327,396,373,47%,200,17,35%,APOLLOHOSP
Mar 2020,"11,247","9,656","1,591",14%,222,533,620,660,34%,432,33,18%,APOLLOHOSP
Mar 2021,"10,560","9,420","1,140",11%,103,449,573,221,38%,137,10,29%,APOLLOHOSP
Mar 2022,"14,663","12,474","2,189",15%,368,379,601,"1,578",30%,"1,108",73,16%,APOLLOHOSP
TTM,"14,698","12,554","2,144",15%,81,377,608,"1,240",,931,61,,APOLLOHOSP
Mar 2011,"7,403","6,072","1,331",18%,68,26,113,"1,260",30%,881,9,36%,ASIANPAINT
Mar 2012,"9,231","7,720","1,511",16%,107,43,121,"1,454",30%,"1,021",10,39%,ASIANPAINT
Mar 2013,"10,504","8,767","1,737",17%,114,42,155,"1,655",30%,"1,160",12,40%,ASIANPAINT
Mar 2014,"12,220","10,217","2,004",16%,124,48,246,"1,834",31%,"1,263",13,42%,ASIANPAINT
Mar 2015,"13,615","11,372","2,243",16%,142,42,266,"2,077",31%,"1,427",15,42%,ASIANPAINT
Mar 2016,"14,271","11,546","2,725",19%,213,49,276,"2,614",32%,"1,803",18,41%,ASIANPAINT
Mar 2017,"15,062","12,068","2,994",20%,338,37,335,"2,960",32%,"2,016",20,51%,ASIANPAINT
Mar 2018,"16,825","13,621","3,204",19%,336,41,360,"3,138",33%,"2,098",21,41%,ASIANPAINT
Mar 2019,"19,240","15,475","3,765",20%,274,110,622,"3,306",33%,"2,208",22,47%,ASIANPAINT
Mar 2020,"20,211","16,054","4,157",21%,355,102,780,"3,629",24%,"2,774",28,43%,ASIANPAINT
Mar 2021,"21,713","16,857","4,856",22%,332,92,791,"4,304",26%,"3,207",33,55%,ASIANPAINT
Mar 2022,"29,101","24,298","4,804",17%,296,95,816,"4,188",26%,"3,085",32,61%,ASIANPAINT
TTM,"33,484","27,715","5,769",17%,265,114,837,"5,084",,"3,745",38,,ASIANPAINT
Mar 2011,"15,155","8,589","5,840",727,5%,"4,664",294,"5,097",34%,"3,340",16,17%,AXISBANK
Mar 2012,"21,995","13,969","6,895","1,131",5%,"5,487",348,"6,270",33%,"4,220",20,16%,AXISBANK
Mar 2013,"27,202","17,513","8,538","1,151",4%,"6,833",359,"7,625",31%,"5,235",22,16%,AXISBANK
Mar 2014,"30,736","18,703","9,944","2,089",7%,"7,766",375,"9,479",33%,"6,311",27,15%,AXISBANK
Mar 2015,"35,727","21,341","11,521","2,865",8%,"8,838",420,"11,283",34%,"7,450",31,15%,AXISBANK
Mar 2016,"41,409","24,344","13,869","3,196",8%,"9,955",461,"12,690",34%,"8,358",35,14%,AXISBANK
Mar 2017,"45,175","26,789","24,327","-5,941",-13%,"12,422",527,"5,954",33%,"3,967",17,30%,AXISBANK
Mar 2018,"46,614","27,604","29,717","-10,706",-23%,"11,863",591,566,18%,464,2,0%,AXISBANK
Mar 2019,"56,044","33,883","28,020","-5,860",-10%,"14,189",737,"7,592",34%,"5,047",20,5%,AXISBANK
Mar 2020,"63,716","37,996","35,976","-10,256",-16%,"16,342",806,"5,280",64%,"1,879",7,0%,AXISBANK
Mar 2021,"64,397","34,627","32,621","-2,851",-4%,"13,577",976,"9,750",26%,"7,252",23,0%,AXISBANK
Mar 2022,"68,846","34,923","31,216","2,707",4%,"17,268","1,046","18,929",25%,"14,207",46,2%,AXISBANK
TTM,"71,738","36,120","30,996","4,621",6%,"17,007",0,"21,628",,"16,234",53,,AXISBANK
Mar 2011,"16,408","13,229","3,179",19%,"1,386",2,124,"4,438",23%,"3,455",119,34%,BAJAJ-AUTO
Mar 2012,"19,582","15,901","3,681",19%,502,23,147,"4,013",25%,"3,048",105,43%,BAJAJ-AUTO
Mar 2013,"20,025","16,370","3,656",18%,790,1,168,"4,277",29%,"3,133",108,42%,BAJAJ-AUTO
Mar 2014,"20,137","15,974","4,163",21%,674,1,181,"4,655",31%,"3,380",117,43%,BAJAJ-AUTO
Mar 2015,"21,595","17,467","4,128",19%,228,6,267,"4,083",31%,"3,026",105,48%,BAJAJ-AUTO
Mar 2016,"22,574","17,781","4,793",21%,"1,194",1,307,"5,679",28%,"4,061",140,39%,BAJAJ-AUTO
Mar 2017,"21,755","17,326","4,429",20%,"1,468",1,307,"5,588",27%,"4,079",141,39%,BAJAJ-AUTO
Mar 2018,"25,210","20,364","4,846",19%,"1,404",1,315,"5,933",29%,"4,219",146,41%,BAJAJ-AUTO
Mar 2019,"30,358","25,160","5,198",17%,"2,028",4,266,"6,956",29%,"4,928",170,35%,BAJAJ-AUTO
Mar 2020,"29,919","24,809","5,109",17%,"1,832",3,246,"6,692",22%,"5,212",180,67%,BAJAJ-AUTO
Mar 2021,"27,741","22,803","4,938",18%,"1,570",7,259,"6,241",22%,"4,857",168,83%,BAJAJ-AUTO
Mar 2022,"33,145","27,886","5,259",16%,"2,671",9,270,"7,652",19%,"6,166",213,66%,BAJAJ-AUTO
TTM,"35,204","29,436","5,768",16%,"2,007",20,275,"7,480",,"5,839",202,,BAJAJ-AUTO
Mar 2011,"2,415",615,"1,800",75%,168,301,19,"1,649",11%,"1,492",7,2%,BAJAJFINSV
Mar 2012,"2,715",920,"1,794",66%,"1,190",744,14,"2,226",15%,"1,890",8,2%,BAJAJFINSV
Mar 2013,"8,055","4,124","3,931",49%,2,"1,204",22,"2,708",18%,"2,214",10,2%,BAJAJFINSV
Mar 2014,"6,023","1,531","4,491",75%,3,"1,562",31,"2,902",24%,"2,191",10,2%,BAJAJFINSV
Mar 2015,"11,335","5,823","5,511",49%,8,"2,230",38,"3,251",26%,"2,409",11,2%,BAJAJFINSV
Mar 2016,"20,533","13,795","6,739",33%,0,"2,877",58,"3,804",27%,"2,775",12,1%,BAJAJFINSV
Mar 2017,"24,507","15,794","8,713",36%,0,"3,716",73,"4,925",30%,"3,450",14,1%,BAJAJFINSV
Mar 2018,"32,862","22,074","10,788",33%,1,"4,531",160,"6,099",32%,"4,176",17,1%,BAJAJFINSV
Mar 2019,"42,605","27,569","15,037",35%,2,"6,657",226,"8,155",34%,"5,374",20,1%,BAJAJFINSV
Mar 2020,"54,351","36,094","18,258",34%,0,"9,500",457,"8,302",28%,"5,994",21,2%,BAJAJFINSV
Mar 2021,"60,592","40,950","19,641",32%,-7,"9,274",498,"9,862",25%,"7,367",28,1%,BAJAJFINSV
Mar 2022,"68,406","46,951","21,455",31%,8,"9,629",563,"11,271",26%,"8,314",29,1%,BAJAJFINSV
TTM,"70,345","46,821","23,524",33%,33,"9,872",588,"13,097",,"9,458",32,,BAJAJFINSV
Mar 2015,"5,392","2,274","1,752","1,367",25%,26,36,"1,357",34%,898,18,10%,BAJFINANCE
Mar 2016,"7,299","2,959","2,354","1,986",27%,35,56,"1,965",35%,"1,279",24,10%,BAJFINANCE
Mar 2017,"9,970","3,853","3,250","2,867",29%,22,71,"2,817",35%,"1,836",33,11%,BAJFINANCE
Mar 2018,"12,746","4,696","4,115","3,935",31%,10,102,"3,843",35%,"2,496",43,9%,BAJFINANCE
Mar 2019,"18,487","6,723","5,454","6,310",34%,13,144,"6,179",35%,"3,995",69,9%,BAJFINANCE
Mar 2020,"26,374","9,608","9,159","7,608",29%,9,295,"7,322",28%,"5,264",87,11%,BAJFINANCE
Mar 2021,"26,673","9,519","10,839","6,314",24%,3,325,"5,992",26%,"4,420",73,14%,BAJFINANCE
Mar 2022,"31,633","9,848","11,880","9,905",31%,-17,385,"9,504",26%,"7,028",116,17%,BAJFINANCE
TTM,"34,171","10,140","11,993","12,039",35%,9,407,"11,641",,"8,622",143,,BAJFINANCE
Mar 2011,"59,602","39,438","20,164",34%,255,"2,535","10,207","7,678",23%,"5,899",11,7%,BHARTIARTL
Mar 2012,"71,506","47,965","23,541",33%,428,"4,083","13,368","6,518",35%,"4,258",8,9%,BHARTIARTL
Mar 2013,"76,947","53,987","22,960",30%,"1,159","4,519","14,815","4,785",53%,"2,267",4,17%,BHARTIARTL
Mar 2014,"85,864","59,352","26,512",31%,"2,881","5,879","15,650","7,864",62%,"3,019",5,26%,BHARTIARTL
Mar 2015,"96,101","62,499","33,602",35%,"1,243","4,446","19,858","10,540",52%,"5,048",8,33%,BHARTIARTL
Mar 2016,"96,532","62,548","33,984",35%,"4,858","8,546","17,450","12,846",46%,"6,893",11,9%,BHARTIARTL
Mar 2017,"95,468","60,138","35,330",37%,"1,713","9,547","19,773","7,723",45%,"4,241",7,11%,BHARTIARTL
Mar 2018,"82,639","52,560","30,079",36%,"1,756","9,326","19,243","3,267",33%,"2,184",2,194%,BHARTIARTL
Mar 2019,"80,780","55,016","25,764",32%,"4,474","10,622","21,348","-1,732",197%,"1,688",1,244%,BHARTIARTL
Mar 2020,"84,676","51,086","33,591",40%,"-35,600","14,073","27,094","-43,177",29%,"-30,664",-55,-3%,BHARTIARTL
Mar 2021,"100,616","55,337","45,279",45%,"-4,215","15,091","29,404","-3,432",-260%,"-12,364",-26,0%,BHARTIARTL
Mar 2022,"116,547","59,013","57,534",49%,"4,656","16,616","33,091","12,483",33%,"8,305",7,39%,BHARTIARTL
TTM,"122,498","61,415","61,083",50%,"4,276","16,901","34,158","14,299",,"9,833",9,,BHARTIARTL
Mar 2011,"153,765","149,115","4,650",3%,"1,336","1,266","1,891","2,829",38%,"1,742",8,35%,BPCL
Mar 2012,"212,140","207,178","4,961",2%,"1,308","2,259","2,411","1,599",47%,851,4,55%,BPCL
Mar 2013,"242,181","235,472","6,709",3%,"1,492","2,518","2,463","3,220",40%,"1,936",9,42%,BPCL
Mar 2014,"264,421","255,007","9,414",4%,"1,344","1,982","2,611","6,166",34%,"4,053",18,31%,BPCL
Mar 2015,"242,598","232,818","9,780",4%,"2,117","1,180","3,027","7,690",34%,"5,082",22,34%,BPCL
Mar 2016,"187,815","174,844","12,971",7%,"1,913",680,"2,072","12,132",33%,"8,089",37,25%,BPCL
Mar 2017,"201,251","187,468","13,783",7%,"2,721",696,"2,108","13,700",31%,"9,507",40,49%,BPCL
Mar 2018,"235,895","220,578","15,317",6%,"2,927","1,186","2,885","14,174",31%,"9,792",42,46%,BPCL
Mar 2019,"298,226","283,113","15,112",5%,"2,975","1,764","3,418","12,905",34%,"8,528",36,48%,BPCL
Mar 2020,"284,572","275,597","8,975",3%,"1,393","2,637","4,080","3,652",0%,"3,666",14,106%,BPCL
Mar 2021,"230,171","209,170","21,001",9%,"7,489","1,723","4,334","22,432",23%,"17,320",75,102%,BPCL
Mar 2022,"346,791","327,654","19,137",6%,"4,939","2,606","5,434","16,037",27%,"11,682",54,29%,BPCL
TTM,"396,927","386,732","10,195",3%,"3,569","2,734","5,901","5,128",,"2,661",12,,BPCL
Mar 2011,"4,609","4,393",216,5%,79,44,65,187,28%,134,6,58%,BRITANNIA
Mar 2012,"5,485","5,174",311,6%,59,42,62,267,25%,200,8,51%,BRITANNIA
Mar 2013,"6,185","5,765",421,7%,52,41,73,358,27%,260,11,39%,BRITANNIA
Mar 2014,"6,913","6,286",627,9%,34,8,83,569,30%,395,16,36%,BRITANNIA
Mar 2015,"7,858","6,988",870,11%,228,4,144,950,28%,689,29,28%,BRITANNIA
Mar 2016,"8,397","7,174","1,224",15%,115,5,113,"1,220",32%,825,34,29%,BRITANNIA
Mar 2017,"9,054","7,776","1,278",14%,151,5,119,"1,304",32%,885,37,30%,BRITANNIA
Mar 2018,"9,914","8,413","1,501",15%,166,8,142,"1,518",34%,"1,004",42,30%,BRITANNIA
Mar 2019,"11,055","9,322","1,732",16%,206,9,162,"1,768",35%,"1,155",48,31%,BRITANNIA
Mar 2020,"11,600","9,756","1,843",16%,263,77,185,"1,844",24%,"1,394",58,60%,BRITANNIA
Mar 2021,"13,136","10,627","2,509",19%,313,111,198,"2,514",26%,"1,851",77,204%,BRITANNIA
Mar 2022,"14,136","11,935","2,201",16%,222,144,201,"2,078",27%,"1,516",63,89%,BRITANNIA
TTM,"14,434","12,286","2,148",15%,217,152,202,"2,010",,"1,465",61,,BRITANNIA
Mar 2011,"6,324","4,950","1,374",22%,87,25,273,"1,162",17%,990,12,23%,CIPLA
Mar 2012,"7,021","5,325","1,696",24%,103,38,312,"1,448",21%,"1,144",14,14%,CIPLA
Mar 2013,"8,279","6,065","2,214",27%,245,34,330,"2,095",26%,"1,545",19,10%,CIPLA
Mar 2014,"10,173","8,026","2,147",21%,251,146,373,"1,880",25%,"1,404",17,12%,CIPLA
Mar 2015,"11,345","9,183","2,163",19%,164,168,505,"1,654",24%,"1,229",15,14%,CIPLA
Mar 2016,"13,790","11,310","2,480",18%,208,207,754,"1,727",19%,"1,383",17,12%,CIPLA
Mar 2017,"14,394","11,898","2,496",17%,208,159,"1,323","1,222",15%,"1,035",13,16%,CIPLA
Mar 2018,"15,156","12,329","2,826",19%,280,114,"1,323","1,669",15%,"1,417",18,17%,CIPLA
Mar 2019,"16,362","13,265","3,097",19%,477,168,"1,326","2,079",27%,"1,492",19,16%,CIPLA
Mar 2020,"17,132","13,926","3,206",19%,344,197,"1,175","2,178",29%,"1,500",19,21%,CIPLA
Mar 2021,"19,160","14,907","4,252",22%,266,161,"1,068","3,290",27%,"2,389",30,17%,CIPLA
Mar 2022,"21,763","17,211","4,553",21%,99,106,"1,052","3,493",27%,"2,547",31,16%,CIPLA
TTM,"21,634","17,284","4,350",20%,262,95,"1,045","3,472",,"2,543",31,,CIPLA
Mar 2011,"58,167","44,739","13,428",23%,"4,876",76,"1,765","16,463",34%,"10,867",17,23%,COALINDIA
Mar 2012,"72,424","57,131","15,293",21%,"8,005",56,"1,969","21,273",30%,"14,788",23,43%,COALINDIA
Mar 2013,"68,303","50,216","18,087",26%,"8,752",46,"1,813","24,979",31%,"17,356",27,51%,COALINDIA
Mar 2014,"70,608","52,842","17,766",25%,"7,169",59,"1,996","22,880",34%,"15,112",24,121%,COALINDIA
Mar 2015,"74,120","56,777","17,343",23%,"6,570",9,"2,320","21,584",36%,"13,727",22,95%,COALINDIA
Mar 2016,"77,861","59,147","18,714",24%,"5,939",388,"2,826","21,440",33%,"14,267",23,121%,COALINDIA
Mar 2017,"78,164","65,716","12,448",16%,"5,316",410,"2,907","14,446",36%,"9,280",15,133%,COALINDIA
Mar 2018,"85,244","75,956","9,288",11%,"4,975",430,"3,063","10,770",35%,"7,038",11,146%,COALINDIA
Mar 2019,"99,586","74,579","25,007",25%,"5,834",264,"3,450","27,127",36%,"17,464",28,46%,COALINDIA
Mar 2020,"96,080","74,500","21,581",22%,"6,444",503,"3,451","24,071",31%,"16,700",27,44%,COALINDIA
Mar 2021,"90,026","71,398","18,628",21%,"3,742",642,"3,718","18,009",29%,"12,702",21,78%,COALINDIA
Mar 2022,"109,714","85,016","24,697",23%,"3,889",541,"4,429","23,616",26%,"17,378",28,60%,COALINDIA
TTM,"119,524","87,458","32,065",27%,"4,219",544,"4,382","31,358",,"23,038",37,,COALINDIA
Mar 2011,"1,317",816,501,38%,27,2,53,472,9%,429,16,31%,DIVISLAB
Mar 2012,"1,864","1,173",691,37%,56,5,62,681,22%,533,20,32%,DIVISLAB
Mar 2013,"2,145","1,329",816,38%,45,3,77,781,23%,602,23,33%,DIVISLAB
Mar 2014,"2,532","1,514","1,018",40%,68,3,92,991,22%,773,29,34%,DIVISLAB
Mar 2015,"3,115","1,942","1,173",38%,38,3,136,"1,072",21%,852,32,31%,DIVISLAB
Mar 2016,"3,776","2,354","1,423",38%,93,5,118,"1,393",19%,"1,126",42,24%,DIVISLAB
Mar 2017,"4,064","2,615","1,450",36%,72,3,123,"1,395",24%,"1,060",40,25%,DIVISLAB
Mar 2018,"3,891","2,622","1,269",33%,107,2,142,"1,231",29%,877,33,30%,DIVISLAB
Mar 2019,"4,946","3,072","1,874",38%,154,5,169,"1,855",27%,"1,353",51,31%,DIVISLAB
Mar 2020,"5,394","3,568","1,826",34%,186,7,186,"1,819",24%,"1,377",52,31%,DIVISLAB
Mar 2021,"6,969","4,102","2,867",41%,57,2,256,"2,666",26%,"1,984",75,27%,DIVISLAB
Mar 2022,"8,960","5,075","3,885",43%,112,2,312,"3,684",20%,"2,960",112,27%,DIVISLAB
TTM,"9,254","5,387","3,866",42%,177,1,322,"3,720",,"3,105",117,,DIVISLAB
Mar 2011,"7,435","5,874","1,561",21%,52,32,398,"1,183",16%,999,59,19%,DRREDDY
Mar 2012,"9,814","7,371","2,444",25%,-7,114,518,"1,804",28%,"1,301",77,18%,DRREDDY
Mar 2013,"11,833","9,164","2,669",23%,146,100,550,"2,165",29%,"1,527",90,17%,DRREDDY
Mar 2014,"13,415","10,164","3,251",24%,170,127,648,"2,646",26%,"1,963",115,16%,DRREDDY
Mar 2015,"15,023","11,515","3,508",23%,260,108,760,"2,900",19%,"2,336",137,15%,DRREDDY
Mar 2016,"15,568","11,983","3,585",23%,295,83,939,"2,859",26%,"2,131",125,16%,DRREDDY
Mar 2017,"14,196","11,724","2,472",17%,172,63,"1,027","1,554",19%,"1,292",78,26%,DRREDDY
Mar 2018,"14,281","11,930","2,351",16%,155,79,"1,077","1,350",32%,947,57,35%,DRREDDY
Mar 2019,"15,448","12,270","3,178",21%,381,89,"1,135","2,336",17%,"1,950",117,17%,DRREDDY
Mar 2020,"17,517","15,040","2,477",14%,670,98,"1,163","1,886",-7%,"2,026",122,21%,DRREDDY
Mar 2021,"19,048","15,173","3,874",20%,335,97,"1,229","2,884",32%,"1,952",117,21%,DRREDDY
Mar 2022,"21,545","17,778","3,768",17%,555,96,"1,165","3,061",29%,"2,182",131,23%,DRREDDY
TTM,"21,833","17,865","3,968",18%,"1,300",111,"1,183","3,974",,"2,991",180,,DRREDDY
Dec 2010,"4,397","4,067",330,8%,155,10,57,418,27%,307,7,16%,EICHERMOT
Dec 2011,"5,684","5,094",590,10%,141,8,64,660,25%,497,11,14%,EICHERMOT
Dec 2012,"6,390","5,840",550,9%,136,4,82,600,21%,475,12,17%,EICHERMOT
Dec 2013,"6,810","6,094",715,11%,93,8,130,671,22%,525,15,21%,EICHERMOT
Dec 2014,"8,738","7,621","1,118",13%,105,10,220,993,29%,702,23,22%,EICHERMOT
Mar 2016,"6,173","4,484","1,690",27%,326,2,137,"1,877",29%,"1,338",49,20%,EICHERMOT
Mar 2017,"7,033","4,859","2,174",31%,416,4,154,"2,433",30%,"1,667",61,16%,EICHERMOT
Mar 2018,"8,965","6,156","2,809",31%,536,5,223,"3,116",30%,"1,960",72,15%,EICHERMOT
Mar 2019,"9,797","6,893","2,904",30%,701,7,300,"3,297",33%,"2,203",81,15%,EICHERMOT
Mar 2020,"9,154","6,971","2,183",24%,572,19,382,"2,355",22%,"1,827",67,19%,EICHERMOT
Mar 2021,"8,720","6,937","1,783",20%,482,16,451,"1,798",25%,"1,347",49,34%,EICHERMOT
Mar 2022,"10,298","8,120","2,178",21%,496,19,452,"2,203",24%,"1,677",61,34%,EICHERMOT
TTM,"11,721","9,081","2,640",23%,501,18,457,"2,667",,"2,050",75,,EICHERMOT
Mar 2011,"21,550","16,555","4,995",23%,399,407,"1,138","3,849",25%,"2,939",50,8%,GRASIM
Mar 2012,"25,245","19,666","5,579",22%,742,314,"1,154","4,852",27%,"3,595",58,8%,GRASIM
Mar 2013,"27,909","21,986","5,924",21%,824,324,"1,252","5,171",28%,"3,778",59,8%,GRASIM
Mar 2014,"28,331","23,416","4,915",17%,576,447,"1,457","3,586",20%,"2,954",45,9%,GRASIM
Mar 2015,"31,734","26,590","5,144",16%,530,667,"1,563","3,443",30%,"2,582",38,9%,GRASIM
Mar 2016,"34,487","28,576","5,911",17%,"1,320",718,"1,834","4,679",26%,"3,455",53,9%,GRASIM
Mar 2017,"36,068","28,682","7,387",20%,"1,076",702,"1,808","5,952",29%,"4,246",68,8%,GRASIM
Mar 2018,"55,894","44,281","11,612",21%,410,"3,663","2,724","5,635",35%,"3,688",41,15%,GRASIM
Mar 2019,"77,200","60,560","16,640",22%,"-1,846","6,060","3,571","5,163",47%,"2,745",26,27%,GRASIM
Mar 2020,"68,252","57,880","10,373",15%,"7,076","6,890","4,004","6,554",-1%,"6,639",67,6%,GRASIM
Mar 2021,"69,970","57,769","12,201",17%,"7,565","5,723","4,033","10,009",30%,"6,987",65,14%,GRASIM
Mar 2022,"89,073","75,270","13,803",16%,"8,277","4,776","4,161","13,143",15%,"11,206",115,9%,GRASIM
TTM,"103,823","82,732","21,091",20%,"1,428","4,756","4,259","13,503",,"11,517",119,,GRASIM
Jun 2011,"15,730","13,275","2,456",16%,300,160,460,"2,135",23%,"1,647",6,31%,HCLTECH
Jun 2012,"20,831","17,135","3,695",18%,206,143,549,"3,210",24%,"2,423",9,34%,HCLTECH
Jun 2013,"25,581","19,901","5,680",22%,332,106,637,"5,270",23%,"4,040",14,21%,HCLTECH
Jun 2014,"32,144","24,108","8,035",25%,677,114,681,"7,917",18%,"6,528",23,11%,HCLTECH
Jun 2015,"36,701","28,215","8,486",23%,"1,126",91,404,"9,117",20%,"7,342",26,58%,HCLTECH
Mar 2016,"31,136","24,482","6,654",21%,871,74,410,"7,041",20%,"5,602",20,40%,HCLTECH
Mar 2017,"47,568","37,178","10,390",22%,"1,069",89,828,"10,542",18%,"8,606",30,40%,HCLTECH
Mar 2018,"50,569","39,323","11,246",22%,"1,230",69,"1,383","11,024",21%,"8,722",31,19%,HCLTECH
Mar 2019,"60,427","46,501","13,926",23%,943,174,"2,073","12,622",20%,"10,120",37,11%,HCLTECH
Mar 2020,"70,676","53,360","17,316",24%,589,505,"3,420","13,980",21%,"11,057",41,25%,HCLTECH
Mar 2021,"75,379","55,331","20,048",27%,927,511,"4,611","15,853",30%,"11,169",41,24%,HCLTECH
Mar 2022,"85,651","65,122","20,529",24%,"1,067",319,"4,326","16,951",20%,"13,523",50,84%,HCLTECH
TTM,"93,078","72,233","20,845",22%,"1,217",290,"4,101","17,671",,"13,815",51,,HCLTECH
Mar 2011,"20,043","9,425","8,737","1,881",9%,"4,585",509,"5,957",33%,"4,025",9,19%,HDFC
Mar 2012,"28,193","15,106","10,858","2,229",8%,"5,992",554,"7,667",31%,"5,277",11,19%,HDFC
Mar 2013,"35,861","19,695","12,631","3,534",10%,"7,133",663,"10,004",31%,"6,903",14,19%,HDFC
Mar 2014,"42,555","23,445","13,508","5,602",13%,"8,298",689,"13,211",34%,"8,768",18,19%,HDFC
Mar 2015,"50,666","27,288","16,164","7,214",14%,"9,546",680,"16,079",33%,"10,703",21,19%,HDFC
Mar 2016,"63,162","34,070","20,055","9,037",14%,"11,212",738,"19,511",34%,"12,821",25,19%,HDFC
Mar 2017,"73,271","38,042","23,856","11,374",16%,"12,905",886,"23,393",35%,"15,317",30,18%,HDFC
Mar 2018,"85,288","42,381","29,532","13,374",16%,"16,057",967,"28,464",35%,"18,561",36,18%,HDFC
Mar 2019,"105,161","53,713","34,856","16,592",16%,"18,947","1,221","34,318",35%,"22,446",41,18%,HDFC
Mar 2020,"122,189","62,137","45,459","14,593",12%,"24,879","1,277","38,195",29%,"27,296",50,5%,HDFC
Mar 2021,"128,552","59,248","52,457","16,848",13%,"27,333","1,385","42,796",26%,"31,857",58,11%,HDFC
Mar 2022,"135,936","58,584","56,557","20,795",15%,"31,759","1,681","50,873",25%,"38,151",69,23%,HDFC
TTM,"148,366","64,620","60,403","23,344",16%,"32,344",0,"55,688",,"41,870",75,,HDFC
Mar 2011,"20,043","9,425","8,737","1,881",9%,"4,585",509,"5,957",33%,"4,025",9,19%,HDFCBANK
Mar 2012,"28,193","15,106","10,858","2,229",8%,"5,992",554,"7,667",31%,"5,277",11,19%,HDFCBANK
Mar 2013,"35,861","19,695","12,631","3,534",10%,"7,133",663,"10,004",31%,"6,903",14,19%,HDFCBANK
Mar 2014,"42,555","23,445","13,508","5,602",13%,"8,298",689,"13,211",34%,"8,768",18,19%,HDFCBANK
Mar 2015,"50,666","27,288","16,164","7,214",14%,"9,546",680,"16,079",33%,"10,703",21,19%,HDFCBANK
Mar 2016,"63,162","34,070","20,055","9,037",14%,"11,212",738,"19,511",34%,"12,821",25,19%,HDFCBANK
Mar 2017,"73,271","38,042","23,856","11,374",16%,"12,905",886,"23,393",35%,"15,317",30,18%,HDFCBANK
Mar 2018,"85,288","42,381","29,532","13,374",16%,"16,057",967,"28,464",35%,"18,561",36,18%,HDFCBANK
Mar 2019,"105,161","53,713","34,856","16,592",16%,"18,947","1,221","34,318",35%,"22,446",41,18%,HDFCBANK
Mar 2020,"122,189","62,137","45,459","14,593",12%,"24,879","1,277","38,195",29%,"27,296",50,5%,HDFCBANK
Mar 2021,"128,552","59,248","52,457","16,848",13%,"27,333","1,385","42,796",26%,"31,857",58,11%,HDFCBANK
Mar 2022,"135,936","58,584","56,557","20,795",15%,"31,759","1,681","50,873",25%,"38,151",69,23%,HDFCBANK
TTM,"148,366","64,620","60,403","23,344",16%,"32,344",0,"55,688",,"41,870",75,,HDFCBANK
Mar 2013,"14,060","13,535",525,4%,28,15,35,502,11%,447,2,0%,HDFCLIFE
Mar 2014,"17,166","16,561",605,4%,241,11,41,794,9%,725,4,14%,HDFCLIFE
Mar 2015,"27,215","26,341",874,3%,79,-14,43,924,15%,786,4,18%,HDFCLIFE
Mar 2016,"18,141","17,187",953,5%,108,8,45,"1,008",19%,817,4,22%,HDFCLIFE
Mar 2017,"30,647","29,674",972,3%,139,9,41,"1,061",16%,887,4,25%,HDFCLIFE
Mar 2018,"32,260","31,186","1,074",3%,282,11,44,"1,300",15%,"1,107",6,25%,HDFCLIFE
Mar 2019,"38,857","37,643","1,215",3%,136,14,45,"1,291",1%,"1,278",6,26%,HDFCLIFE
Mar 2020,"29,403","28,262","1,141",4%,369,0,47,"1,463",11%,"1,297",6,0%,HDFCLIFE
Mar 2021,"71,528","70,294","1,235",2%,445,0,51,"1,629",16%,"1,361",7,0%,HDFCLIFE
Mar 2022,"67,126","66,348",778,1%,766,0,56,"1,487",11%,"1,327",6,27%,HDFCLIFE
TTM,"59,030","58,242",789,1%,777,0,0,"1,565",,"1,386",7,,HDFCLIFE
Mar 2014,"25,275","21,722","3,553",14%,430,12,"1,107","2,864",26%,"2,102",105,62%,HEROMOTOCO
Mar 2015,"27,538","24,018","3,520",13%,325,12,540,"3,292",29%,"2,364",118,51%,HEROMOTOCO
Mar 2016,"28,457","24,033","4,424",16%,421,15,443,"4,387",29%,"3,112",157,46%,HEROMOTOCO
Mar 2017,"28,610","24,025","4,585",16%,830,27,502,"4,885",27%,"3,546",179,47%,HEROMOTOCO
Mar 2018,"32,458","27,124","5,334",16%,564,31,575,"5,292",30%,"3,722",186,51%,HEROMOTOCO
Mar 2019,"33,971","28,946","5,025",15%,741,37,624,"5,104",32%,"3,466",172,50%,HEROMOTOCO
Mar 2020,"29,254","25,184","4,070",14%,"1,434",47,846,"4,611",21%,"3,659",182,49%,HEROMOTOCO
Mar 2021,"30,959","26,902","4,058",13%,553,46,715,"3,849",24%,"2,936",146,72%,HEROMOTOCO
Mar 2022,"29,551","26,295","3,256",11%,545,53,690,"3,058",24%,"2,329",116,82%,HEROMOTOCO
TTM,"32,496","28,734","3,762",12%,485,54,690,"3,504",,"2,658",133,,HEROMOTOCO
Mar 2011,"72,202","64,299","7,903",11%,513,"1,839","2,734","3,843",25%,"2,822",13,12%,HINDALCO
Mar 2012,"80,821","72,856","7,965",10%,783,"1,758","2,645","4,345",18%,"3,608",18,9%,HINDALCO
Mar 2013,"80,193","72,494","7,699",10%,"1,111","2,079","2,822","3,909",23%,"3,007",16,6%,HINDALCO
Mar 2014,"87,695","79,671","8,024",9%,677,"2,702","3,347","2,653",20%,"2,195",11,9%,HINDALCO
Mar 2015,"104,281","95,437","8,844",8%,-832,"4,178","3,493",340,75%,259,4,24%,HINDALCO
Mar 2016,"98,759","90,981","7,778",8%,"1,500","5,134","4,347",-203,-245%,-702,-1,-82%,HINDALCO
Mar 2017,"100,184","87,867","12,317",12%,"1,198","5,742","4,457","3,315",43%,"1,882",8,13%,HINDALCO
Mar 2018,"115,183","101,488","13,695",12%,"2,879","3,911","4,506","8,157",25%,"6,083",27,4%,HINDALCO
Mar 2019,"130,542","115,031","15,511",12%,"1,127","3,778","4,777","8,083",32%,"5,495",24,5%,HINDALCO
Mar 2020,"118,144","103,838","14,306",12%,906,"4,197","5,091","5,924",36%,"3,767",17,6%,HINDALCO
Mar 2021,"132,008","116,148","15,860",12%,712,"3,738","6,628","6,206",44%,"3,483",16,19%,HINDALCO
Mar 2022,"195,059","167,183","27,876",14%,"1,724","3,768","6,729","19,103",28%,"13,730",61,6%,HINDALCO
TTM,"211,719","181,138","30,581",14%,"1,152","3,795","6,833","21,105",,"15,062",67,,HINDALCO
Mar 2011,"20,023","17,305","2,717",14%,470,1,229,"2,957",22%,"2,307",11,61%,HINDUNILVR
Mar 2012,"23,436","19,936","3,500",15%,357,2,234,"3,622",23%,"2,800",13,58%,HINDUNILVR
Mar 2013,"27,004","22,784","4,220",16%,"1,123",26,251,"5,066",24%,"3,839",18,104%,HINDUNILVR
Mar 2014,"29,234","24,475","4,759",16%,792,41,296,"5,215",24%,"3,956",18,71%,HINDUNILVR
Mar 2015,"31,972","26,560","5,412",17%,"1,247",18,322,"6,320",31%,"4,376",20,74%,HINDUNILVR
Mar 2016,"32,186","26,276","5,910",18%,486,17,353,"6,026",31%,"4,151",19,83%,HINDUNILVR
Mar 2017,"33,162","26,834","6,328",19%,606,35,432,"6,467",31%,"4,490",21,82%,HINDUNILVR
Mar 2018,"35,545","28,046","7,499",21%,353,26,520,"7,306",28%,"5,227",24,83%,HINDUNILVR
Mar 2019,"39,310","30,430","8,880",23%,322,33,565,"8,604",30%,"6,060",28,78%,HINDUNILVR
Mar 2020,"39,783","29,930","9,853",25%,432,118,"1,002","9,165",26%,"6,756",31,80%,HINDUNILVR
Mar 2021,"47,028","35,403","11,625",25%,171,117,"1,074","10,605",25%,"7,999",34,119%,HINDUNILVR
Mar 2022,"52,446","39,589","12,857",25%,219,106,"1,091","11,879",25%,"8,892",38,90%,HINDUNILVR
TTM,"54,876","41,538","13,338",24%,301,121,"1,112","12,406",,"9,183",39,,HINDUNILVR
Mar 2011,"30,081","19,343","33,126","-22,387",-74%,"31,513",740,"8,387",25%,"6,318",10,26%,ICICIBANK
Mar 2012,"37,995","25,013","30,293","-17,311",-46%,"28,663",671,"10,680",26%,"7,938",12,25%,ICICIBANK
Mar 2013,"44,885","28,285","31,684","-15,085",-34%,"29,320",625,"13,610",26%,"10,130",15,24%,ICICIBANK
Mar 2014,"49,479","29,711","32,852","-13,084",-26%,"30,085",719,"16,282",28%,"11,677",17,24%,ICICIBANK
Mar 2015,"54,964","32,318","38,766","-16,120",-29%,"35,252",798,"18,334",29%,"12,942",19,24%,ICICIBANK
Mar 2016,"59,294","33,996","52,252","-26,955",-45%,"42,102",843,"14,304",24%,"10,927",16,29%,ICICIBANK
Mar 2017,"60,940","34,836","63,841","-37,737",-62%,"52,458",912,"13,809",18%,"11,340",16,14%,ICICIBANK
Mar 2018,"62,162","34,262","72,806","-44,906",-72%,"56,807",922,"10,978",17%,"9,100",12,12%,ICICIBANK
Mar 2019,"71,982","39,178","83,775","-50,971",-71%,"59,325",946,"7,408",23%,"5,689",7,15%,ICICIBANK
Mar 2020,"84,836","44,666","85,361","-45,190",-53%,"64,950","1,171","18,589",40%,"11,225",15,0%,ICICIBANK
Mar 2021,"89,163","42,659","91,309","-44,805",-50%,"72,030","1,340","25,884",22%,"20,364",27,8%,ICICIBANK
Mar 2022,"95,407","41,167","80,798","-26,558",-28%,"62,129","1,330","34,241",25%,"26,538",36,14%,ICICIBANK
TTM,"98,950","42,188","81,424","-24,662",-25%,"62,900",0,"38,238",,"29,318",40,,ICICIBANK
Mar 2011,"3,589","2,213","1,147",229,6%,711,61,879,34%,577,12,16%,INDUSINDBK
Mar 2012,"5,359","3,655","1,449",255,5%,"1,012",75,"1,192",33%,803,17,13%,INDUSINDBK
Mar 2013,"6,983","4,750","1,947",286,4%,"1,363",73,"1,576",33%,"1,061",20,15%,INDUSINDBK
Mar 2014,"8,254","5,363","2,555",335,4%,"1,891",98,"2,128",34%,"1,408",27,13%,INDUSINDBK
Mar 2015,"9,692","6,272","3,133",288,3%,"2,548",127,"2,709",34%,"1,794",34,12%,INDUSINDBK
Mar 2016,"11,872","7,355","4,188",329,3%,"3,297",157,"3,469",34%,"2,286",38,12%,INDUSINDBK
Mar 2017,"14,406","8,343","5,684",379,3%,"4,171",191,"4,360",34%,"2,868",48,13%,INDUSINDBK
Mar 2018,"17,281","9,783","6,555",942,5%,"4,750",212,"5,481",34%,"3,606",60,12%,INDUSINDBK
Mar 2019,"22,261","13,415","9,283",-437,-2%,"5,647",229,"4,981",34%,"3,301",55,14%,INDUSINDBK
Mar 2020,"28,783","16,724","12,611",-553,-2%,"6,951",278,"6,121",28%,"4,418",64,0%,INDUSINDBK
Mar 2021,"29,000","15,472","15,997","-2,469",-9%,"6,559",305,"3,784",25%,"2,836",37,14%,INDUSINDBK
Mar 2022,"30,822","15,822","15,903",-902,-3%,"7,397",321,"6,174",25%,"4,611",60,14%,INDUSINDBK
TTM,"32,487","16,281","15,985",221,1%,"7,716",0,"7,937",,"5,913",76,,INDUSINDBK
Mar 2011,"27,501","18,531","8,970",33%,"1,211",2,854,"9,325",27%,"6,835",15,50%,INFY
Mar 2012,"33,734","23,007","10,727",32%,"1,904",4,928,"11,699",29%,"8,332",18,32%,INFY
Mar 2013,"40,352","28,814","11,538",29%,"2,365",5,"1,099","12,799",26%,"9,429",21,25%,INFY
Mar 2014,"50,133","36,743","13,390",27%,"2,664",9,"1,317","14,728",28%,"10,656",23,34%,INFY
Mar 2015,"53,319","38,436","14,883",28%,"3,430",12,"1,017","17,284",28%,"12,372",27,55%,INFY
Mar 2016,"62,441","45,362","17,079",27%,"3,120",0,"1,459","18,740",28%,"13,489",29,41%,INFY
Mar 2017,"68,484","49,880","18,604",27%,"3,050",0,"1,703","19,951",28%,"14,353",31,41%,INFY
Mar 2018,"70,522","51,700","18,822",27%,"3,311",0,"1,863","20,270",21%,"16,029",37,59%,INFY
Mar 2019,"82,675","62,505","20,170",24%,"2,882",0,"2,011","21,041",27%,"15,410",35,60%,INFY
Mar 2020,"90,791","68,524","22,267",25%,"2,803",170,"2,893","22,007",24%,"16,639",39,45%,INFY
Mar 2021,"100,472","72,583","27,889",28%,"2,201",195,"3,267","26,628",27%,"19,423",45,59%,INFY
Mar 2022,"121,641","90,150","31,491",26%,"2,295",200,"3,476","30,110",26%,"22,146",53,59%,INFY
TTM,"135,151","102,156","32,995",24%,"2,409",225,"3,768","31,411",,"22,905",54,,INFY
Mar 2011,"22,566","14,850","7,716",34%,510,92,699,"7,435",32%,"5,079",4,69%,ITC
Mar 2012,"26,516","17,272","9,244",35%,772,102,745,"9,168",31%,"6,334",5,56%,ITC
Mar 2013,"31,618","20,398","11,221",35%,852,108,859,"11,106",31%,"7,704",6,55%,ITC
Mar 2014,"35,306","22,227","13,080",37%,966,29,965,"13,052",31%,"9,001",7,54%,ITC
Mar 2015,"38,817","24,566","14,252",37%,"1,229",91,"1,028","14,362",32%,"9,779",8,52%,ITC
Mar 2016,"39,192","24,661","14,531",37%,"1,483",78,"1,077","14,859",36%,"9,501",8,73%,ITC
Mar 2017,"42,768","27,298","15,470",36%,"1,759",49,"1,153","16,026",35%,"10,477",8,56%,ITC
Mar 2018,"43,449","26,928","16,521",38%,"2,240",115,"1,236","17,409",34%,"11,493",9,56%,ITC
Mar 2019,"48,340","29,802","18,537",38%,"2,080",71,"1,397","19,150",33%,"12,836",10,56%,ITC
Mar 2020,"49,388","30,044","19,344",39%,"2,417",81,"1,645","20,035",22%,"15,593",12,82%,ITC
Mar 2021,"49,257","32,193","17,065",35%,"2,577",58,"1,646","17,938",25%,"13,383",11,101%,ITC
Mar 2022,"60,645","40,021","20,623",34%,"1,910",60,"1,732","20,740",25%,"15,503",12,93%,ITC
TTM,"65,910","43,618","22,292",34%,"1,710",39,"1,756","22,206",,"16,631",13,,ITC
Mar 2011,"24,106","19,237","4,869",20%,189,"1,060","1,560","2,438",32%,"1,730",8,20%,JSWSTEEL
Mar 2012,"34,368","27,571","6,797",20%,"-1,444","1,427","1,933","1,993",25%,557,2,40%,JSWSTEEL
Mar 2013,"38,210","31,698","6,512",17%,-307,"1,967","2,237","1,999",42%,929,4,30%,JSWSTEEL
Mar 2014,"51,220","42,051","9,169",18%,"-1,630","3,048","3,183","1,308",70%,402,2,74%,JSWSTEEL
Mar 2015,"52,972","43,608","9,364",18%,103,"3,493","3,434","2,539",32%,"1,722",7,19%,JSWSTEEL
Mar 2016,"41,546","35,124","6,422",15%,"-1,966","3,601","3,323","-2,468",80%,-481,-1,-67%,JSWSTEEL
Mar 2017,"55,604","43,296","12,308",22%,18,"3,768","3,430","5,128",33%,"3,467",15,19%,JSWSTEEL
Mar 2018,"71,933","57,017","14,916",21%,-177,"3,701","3,387","7,651",20%,"6,113",26,16%,JSWSTEEL
Mar 2019,"84,757","65,827","18,930",22%,196,"3,917","4,041","11,168",33%,"7,524",32,16%,JSWSTEEL
Mar 2020,"73,326","61,513","11,813",16%,-289,"4,265","4,246","3,013",-30%,"3,919",17,15%,JSWSTEEL
Mar 2021,"79,839","59,661","20,178",25%,473,"3,957","4,679","12,015",34%,"7,873",33,25%,JSWSTEEL
Mar 2022,"146,371","107,257","39,114",27%,"1,600","4,968","6,001","29,745",30%,"20,938",85,25%,JSWSTEEL
TTM,"155,555","122,561","32,994",21%,"1,406","5,397","6,596","22,407",,"15,877",65,,JSWSTEEL
Mar 2011,"5,973","2,668","5,995","-2,690",-45%,"5,090",152,"2,247",30%,"1,593",11,2%,KOTAKBANK
Mar 2012,"8,470","4,542","5,651","-1,723",-20%,"4,543",164,"2,656",30%,"1,885",12,2%,KOTAKBANK
Mar 2013,"10,838","6,024","6,603","-1,789",-17%,"5,112",179,"3,144",30%,"2,238",15,2%,KOTAKBANK
Mar 2014,"11,986","6,312","7,053","-1,379",-12%,"5,282",208,"3,695",32%,"2,527",16,2%,KOTAKBANK
Mar 2015,"13,319","6,966","9,718","-3,366",-25%,"8,152",237,"4,550",33%,"3,105",20,2%,KOTAKBANK
Mar 2016,"20,402","11,123","11,541","-2,263",-11%,"7,631",345,"5,024",32%,"3,524",19,3%,KOTAKBANK
Mar 2017,"22,324","11,458","14,832","-3,965",-18%,"11,660",362,"7,332",32%,"5,019",27,2%,KOTAKBANK
Mar 2018,"25,131","12,467","16,805","-4,141",-16%,"13,682",383,"9,158",33%,"6,258",33,2%,KOTAKBANK
Mar 2019,"29,831","15,187","19,758","-5,114",-17%,"16,148",458,"10,576",33%,"7,204",38,2%,KOTAKBANK
Mar 2020,"33,474","15,901","22,578","-5,005",-15%,"16,892",465,"11,422",25%,"8,593",45,0%,KOTAKBANK
Mar 2021,"32,820","12,967","29,812","-9,958",-30%,"23,588",461,"13,168",25%,"9,990",50,2%,KOTAKBANK
Mar 2022,"33,740","11,553","31,069","-8,882",-26%,"25,311",480,"15,948",25%,"12,089",61,2%,KOTAKBANK
TTM,"34,862","11,707","29,153","-5,998",-17%,"23,113",0,"17,115",,"13,039",66,,KOTAKBANK
Mar 2011,"51,972","43,849","8,123",16%,"1,928","1,931","1,319","6,801",34%,"4,542",33,20%,LT
Mar 2012,"64,255","53,578","10,676",17%,886,"3,008","1,580","6,974",33%,"4,737",34,21%,LT
Mar 2013,"74,426","63,032","11,394",15%,"2,523","4,642","1,637","7,638",31%,"5,291",38,22%,LT
Mar 2014,"85,054","70,968","14,086",17%,"1,337","6,494","1,446","7,483",35%,"4,885",35,27%,LT
Mar 2015,"91,929","76,245","15,684",17%,"1,422","7,266","2,623","7,217",31%,"4,966",34,32%,LT
Mar 2016,"101,122","85,637","15,486",15%,"1,219","6,899","1,787","8,020",30%,"4,592",31,40%,LT
Mar 2017,"109,312","92,691","16,620",15%,"1,466","6,829","2,370","8,887",23%,"6,486",43,22%,LT
Mar 2018,"119,683","99,572","20,111",17%,"1,465","7,714","2,223","11,639",27%,"8,004",53,30%,LT
Mar 2019,"135,220","112,354","22,866",17%,"2,701","9,339","1,923","14,305",28%,"10,217",63,28%,LT
Mar 2020,"145,452","120,899","24,553",17%,"3,015","11,021","2,462","14,086",23%,"10,894",68,26%,LT
Mar 2021,"135,979","112,519","23,460",17%,"8,111","11,750","2,904","16,918",24%,"12,921",82,44%,LT
Mar 2022,"156,521","132,195","24,327",16%,"2,364","9,235","2,948","14,508",29%,"10,419",62,36%,LT
TTM,"163,040","141,092","21,947",13%,"2,411","5,999","3,194","15,165",,"11,116",65,,LT
Mar 2011,"36,864","30,762","6,102",17%,521,"1,135",972,"4,515",29%,"3,175",25,22%,M&M
Mar 2012,"59,399","52,140","7,259",12%,526,"1,800","1,802","4,184",34%,"3,060",25,24%,M&M
Mar 2013,"68,693","59,578","9,116",13%,841,"2,297","2,080","5,580",35%,"4,129",33,19%,M&M
Mar 2014,"74,001","63,830","10,170",14%,773,"2,954","2,170","5,820",26%,"5,154",38,18%,M&M
Mar 2015,"71,448","62,655","8,793",12%,800,"3,157","2,124","4,313",40%,"3,381",25,23%,M&M
Mar 2016,"75,841","65,759","10,082",13%,"1,399","3,368","2,442","5,672",37%,"3,554",25,21%,M&M
Mar 2017,"83,773","73,038","10,735",13%,"2,077","3,648","2,813","6,350",36%,"4,051",30,22%,M&M
Mar 2018,"92,094","78,868","13,226",14%,"4,366","3,987","3,280","10,326",23%,"7,958",60,11%,M&M
Mar 2019,"104,721","89,514","15,207",15%,"2,676","5,021","3,991","8,871",32%,"6,017",43,17%,M&M
Mar 2020,"75,382","65,224","10,158",13%,885,"6,021","3,367","1,655",119%,-321,1,205%,M&M
Mar 2021,"74,278","62,791","11,487",15%,"1,152","6,102","3,378","3,158",52%,"1,512",15,54%,M&M
Mar 2022,"90,171","75,488","14,683",16%,"3,204","5,018","3,508","9,362",23%,"7,253",53,20%,M&M
TTM,"99,411","81,319","18,092",18%,"3,316","4,937","3,666","12,805",,"9,945",67,,M&M
Mar 2011,"37,156","33,526","3,629",10%,566,29,"1,031","3,135",26%,"2,382",82,9%,MARUTI
Mar 2012,"36,090","33,807","2,283",6%,"1,086",62,"1,162","2,145",24%,"1,681",58,13%,MARUTI
Mar 2013,"44,304","39,944","4,361",10%,797,198,"1,890","3,070",20%,"2,470",82,10%,MARUTI
Mar 2014,"44,542","39,232","5,310",12%,724,184,"2,116","3,734",24%,"2,854",94,13%,MARUTI
Mar 2015,"50,801","43,909","6,892",14%,817,218,"2,515","4,976",24%,"3,809",126,20%,MARUTI
Mar 2016,"57,589","48,565","9,024",16%,"1,464",82,"2,822","7,585",28%,"5,497",182,19%,MARUTI
Mar 2017,"68,085","57,664","10,421",15%,"2,399",89,"2,604","10,127",26%,"7,511",249,30%,MARUTI
Mar 2018,"79,809","67,692","12,118",15%,"2,155",346,"2,760","11,167",29%,"7,881",261,31%,MARUTI
Mar 2019,"86,068","75,012","11,056",13%,"2,664",76,"3,021","10,624",28%,"7,651",253,32%,MARUTI
Mar 2020,"75,660","68,305","7,355",10%,"3,410",134,"3,528","7,103",20%,"5,678",188,32%,MARUTI
Mar 2021,"70,372","64,961","5,411",8%,"3,046",102,"3,034","5,321",18%,"4,389",145,31%,MARUTI
Mar 2022,"88,330","82,578","5,752",7%,"1,861",127,"2,789","4,697",17%,"3,880",128,47%,MARUTI
TTM,"97,065","90,302","6,763",7%,"1,514",132,"2,697","5,448",,"4,441",147,,MARUTI
Dec 2010,"6,255","5,016","1,239",20%,35,1,128,"1,145",29%,819,85,57%,NESTLEIND
Dec 2011,"7,515","5,990","1,525",20%,21,5,153,"1,388",31%,962,100,49%,NESTLEIND
Dec 2012,"8,335","6,509","1,825",22%,31,27,277,"1,553",31%,"1,068",111,44%,NESTLEIND
Dec 2013,"9,101","7,153","1,948",21%,97,37,330,"1,678",33%,"1,117",116,42%,NESTLEIND
Dec 2014,"9,855","7,816","2,039",21%,87,14,338,"1,774",33%,"1,185",123,51%,NESTLEIND
Dec 2015,"8,175","6,620","1,555",19%,-391,3,347,814,31%,563,58,83%,NESTLEIND
Dec 2016,"9,141","7,292","1,850",20%,140,91,354,"1,545",35%,"1,001",104,61%,NESTLEIND
Dec 2017,"10,010","7,913","2,097",21%,177,92,342,"1,839",33%,"1,225",127,68%,NESTLEIND
Dec 2018,"11,292","8,675","2,618",23%,259,112,336,"2,429",34%,"1,607",167,69%,NESTLEIND
Dec 2019,"12,369","9,443","2,926",24%,247,129,370,"2,673",26%,"1,968",204,168%,NESTLEIND
Dec 2020,"13,350","10,149","3,202",24%,146,164,370,"2,813",26%,"2,082",216,93%,NESTLEIND
Dec 2021,"14,709","11,118","3,592",24%,-116,201,390,"2,884",26%,"2,145",222,90%,NESTLEIND
TTM,"16,348","12,727","3,620",22%,-138,153,410,"2,920",,"2,165",225,,NESTLEIND
Mar 2011,"56,860","42,424","14,436",25%,"2,412","1,735","2,720","12,392",25%,"9,348",9,34%,NTPC
Mar 2012,"65,231","49,935","15,296",23%,"3,088","2,139","3,107","13,137",25%,"9,815",10,34%,NTPC
Mar 2013,"71,518","53,370","18,149",25%,"4,777","2,491","3,823","16,611",24%,"12,586",13,38%,NTPC
Mar 2014,"78,330","58,603","19,727",25%,"2,792","3,263","4,770","14,486",21%,"11,403",12,42%,NTPC
Mar 2015,"79,957","62,605","17,352",22%,"2,338","3,669","5,565","10,456",4%,"9,992",10,21%,NTPC
Mar 2016,"73,396","54,829","18,568",25%,"1,188","3,366","5,771","10,618",-2%,"10,781",11,26%,NTPC
Mar 2017,"82,042","60,445","21,598",26%,"1,592","3,753","6,010","13,426",20%,"10,714",11,37%,NTPC
Mar 2018,"88,083","65,598","22,485",26%,"5,576","4,447","7,460","16,154",35%,"10,502",11,40%,NTPC
Mar 2019,"100,287","77,576","22,710",23%,"2,818","5,605","8,669","11,255",-25%,"14,034",14,44%,NTPC
Mar 2020,"109,464","77,863","31,601",29%,"8,194","8,189","10,356","21,250",44%,"11,902",12,27%,NTPC
Mar 2021,"111,531","77,484","34,047",31%,"5,017","9,224","12,450","17,390",14%,"14,969",15,41%,NTPC
Mar 2022,"132,669","92,301","40,368",30%,"4,803","9,376","13,788","22,007",23%,"16,960",17,41%,NTPC
TTM,"145,958","103,783","42,176",29%,"4,075","9,328","14,129","22,794",,"17,494",18,,NTPC
Mar 2011,"113,844","79,928","33,916",30%,"3,718",438,"2,883","34,313",33%,"22,828",18,33%,ONGC
Mar 2012,"140,147","94,797","45,350",32%,"11,075",435,"13,187","42,804",34%,"28,428",22,30%,ONGC
Mar 2013,"161,984","118,482","43,501",27%,"5,488",484,"11,763","36,742",35%,"23,994",19,34%,ONGC
Mar 2014,"174,121","124,991","49,130",28%,"7,170",624,"16,262","39,413",32%,"26,665",21,31%,ONGC
Mar 2015,"160,923","118,610","42,312",26%,"5,955","2,864","18,033","27,370",35%,"17,703",14,44%,ONGC
Mar 2016,"124,036","84,901","39,135",32%,"1,067","3,766","16,384","20,052",35%,"13,102",10,56%,ONGC
Mar 2017,"282,506","229,702","52,804",19%,"12,724","3,591","20,219","41,718",30%,"29,169",19,40%,ONGC
Mar 2018,"322,706","265,817","56,889",18%,"10,429","4,999","23,112","39,208",34%,"26,068",17,38%,ONGC
Mar 2019,"421,624","346,805","74,819",18%,"9,567","5,837","23,704","54,846",38%,"33,938",24,29%,ONGC
Mar 2020,"396,728","344,623","52,105",13%,982,"7,489","26,635","18,962",40%,"11,456",9,58%,ONGC
Mar 2021,"303,849","254,375","49,473",16%,"11,271","5,079","25,538","30,126",29%,"21,360",13,28%,ONGC
Mar 2022,"491,216","411,342","79,874",16%,"6,797","5,696","26,883","54,091",9%,"49,294",36,29%,ONGC
TTM,"606,519","524,457","82,062",14%,"7,022","5,896","27,071","56,117",,"51,028",41,,ONGC
Mar 2011,"8,612","1,661","6,951",81%,817,"1,666","2,273","3,829",30%,"2,672",4,30%,POWERGRID
Mar 2012,"10,323","1,898","8,425",82%,888,"1,986","2,637","4,690",30%,"3,303",5,30%,POWERGRID
Mar 2013,"13,081","2,244","10,837",83%,966,"2,599","3,428","5,776",25%,"4,313",7,31%,POWERGRID
Mar 2014,"15,555","2,588","12,967",83%,725,"3,254","4,079","6,359",28%,"4,548",7,30%,POWERGRID
Mar 2015,"17,540","2,613","14,927",85%,731,"4,081","5,173","6,404",21%,"5,046",7,21%,POWERGRID
Mar 2016,"20,652","2,468","18,184",88%,656,"5,086","6,182","7,572",21%,"5,959",9,20%,POWERGRID
Mar 2017,"25,697","3,247","22,450",87%,933,"6,204","7,722","9,457",21%,"7,451",11,31%,POWERGRID
Mar 2018,"29,954","3,993","25,961",87%,"4,065","7,324","9,231","13,471",39%,"8,204",12,33%,POWERGRID
Mar 2019,"35,059","8,140","26,920",77%,"1,505","8,737","10,541","9,147",-10%,"10,034",14,43%,POWERGRID
Mar 2020,"37,744","4,858","32,886",87%,"2,820","9,509","11,607","14,590",24%,"11,059",16,47%,POWERGRID
Mar 2021,"39,640","4,659","34,980",88%,694,"8,135","12,039","15,501",22%,"12,036",17,52%,POWERGRID
Mar 2022,"41,616","5,589","36,027",87%,"4,490","8,036","12,872","19,610",14%,"16,824",24,61%,POWERGRID
TTM,"42,306","6,554","35,752",85%,"1,631","7,780","13,054","16,549",,"14,627",21,,POWERGRID
Mar 2011,"265,050","226,427","38,623",15%,"1,964","2,411","14,121","24,055",20%,"19,272",28,12%,RELIANCE
Mar 2012,"357,677","324,501","33,176",9%,"7,526","2,893","12,401","25,408",22%,"19,717",28,13%,RELIANCE
Mar 2013,"395,957","362,802","33,155",8%,"7,757","3,463","11,232","26,217",20%,"20,886",30,13%,RELIANCE
Mar 2014,"433,521","398,586","34,935",8%,"8,865","3,836","11,201","28,763",22%,"22,548",33,12%,RELIANCE
Mar 2015,"374,372","336,923","37,449",10%,"8,528","3,316","11,547","31,114",24%,"23,640",34,12%,RELIANCE
Mar 2016,"272,583","230,802","41,781",15%,"12,212","3,691","11,565","38,737",23%,"29,861",43,10%,RELIANCE
Mar 2017,"303,954","257,647","46,307",15%,"9,222","3,849","11,646","40,034",25%,"29,833",43,11%,RELIANCE
Mar 2018,"390,823","326,508","64,315",16%,"9,869","8,052","16,706","49,426",27%,"36,080",53,10%,RELIANCE
Mar 2019,"568,337","484,087","84,250",15%,"8,406","16,495","20,934","55,227",28%,"39,837",59,10%,RELIANCE
Mar 2020,"596,679","507,413","89,266",15%,"8,570","22,027","22,203","53,606",26%,"39,880",58,10%,RELIANCE
Mar 2021,"466,307","385,517","80,790",17%,"22,432","21,189","26,572","55,461",3%,"53,739",78,9%,RELIANCE
Mar 2022,"698,672","588,077","110,595",16%,"17,928","14,584","29,797","84,142",19%,"67,845",90,9%,RELIANCE
TTM,"779,317","654,293","125,024",16%,"16,128","15,184","31,860","94,108",,"73,482",99,,RELIANCE
Mar 2011,"15,968","15,617",350,2%,81,6,31,395,7%,366,4,0%,SBILIFE
Mar 2012,"13,760","13,331",429,3%,214,4,34,604,8%,556,6,9%,SBILIFE
Mar 2013,"14,870","14,443",427,3%,292,4,25,690,9%,630,6,8%,SBILIFE
Mar 2014,"17,258","16,747",511,3%,344,5,35,816,11%,728,7,14%,SBILIFE
Mar 2015,"23,299","22,505",794,3%,183,4,34,939,13%,815,8,15%,SBILIFE
Mar 2016,"19,324","18,404",920,5%,129,5,37,"1,007",16%,844,8,14%,SBILIFE
Mar 2017,"30,548","29,479","1,068",4%,139,5,48,"1,154",17%,955,10,16%,SBILIFE
Mar 2018,"34,068","32,736","1,332",4%,156,6,59,"1,422",19%,"1,150",12,17%,SBILIFE
Mar 2019,"44,604","43,130","1,474",3%,266,8,92,"1,642",19%,"1,327",13,15%,SBILIFE
Mar 2020,"43,798","42,447","1,351",3%,529,0,89,"1,790",21%,"1,422",14,0%,SBILIFE
Mar 2021,"81,913","81,040",872,1%,867,0,99,"1,640",11%,"1,456",15,17%,SBILIFE
Mar 2022,"82,983","82,254",730,1%,"1,032",0,75,"1,687",11%,"1,506",15,13%,SBILIFE
TTM,"71,785","71,093",692,1%,"1,026",0,0,"1,718",,"1,546",15,,SBILIFE
Mar 2011,"113,636","68,086","57,966","-12,416",-11%,"33,716","1,381","19,920",44%,"11,180",17,18%,SBIN
Mar 2012,"147,197","89,320","61,729","-3,851",-3%,"29,692","1,372","24,469",35%,"15,973",23,15%,SBIN
Mar 2013,"167,976","106,818","66,283","-5,124",-3%,"32,584","1,577","25,882",29%,"18,555",26,16%,SBIN
Mar 2014,"189,062","121,479","82,198","-14,614",-8%,"37,882","1,942","21,326",32%,"14,807",19,16%,SBIN
Mar 2015,"207,974","133,179","96,675","-21,879",-11%,"49,315","1,581","25,855",32%,"17,832",23,15%,SBIN
Mar 2016,"220,633","143,047","109,985","-32,399",-15%,"52,828","2,252","18,177",30%,"13,019",16,17%,SBIN
Mar 2017,"230,447","149,115","145,666","-64,334",-28%,"68,193","2,915",945,141%,-97,0,859%,SBIN
Mar 2018,"228,970","146,603","169,034","-86,666",-38%,"77,527","3,105","-12,245",66%,"-3,749",-5,0%,SBIN
Mar 2019,"253,322","155,867","166,104","-68,649",-27%,"77,365","3,496","5,220",41%,"3,351",3,0%,SBIN
Mar 2020,"269,852","161,124","172,909","-64,181",-24%,"98,159","3,662","30,317",40%,"21,140",22,0%,SBIN
Mar 2021,"278,115","156,010","192,821","-70,715",-25%,"107,222","3,711","32,796",26%,"23,888",25,16%,SBIN
Mar 2022,"289,973","156,194","197,349","-63,570",-22%,"117,000","3,691","49,739",27%,"37,183",40,18%,SBIN
TTM,"297,794","159,876","191,252","-53,335",-18%,"103,018",0,"49,684",,"37,277",40,,SBIN
Mar 2011,"5,728","3,766","1,962",34%,353,74,205,"2,036",6%,"1,907",9,20%,SUNPHARMA
Mar 2012,"8,019","5,047","2,972",37%,702,28,291,"3,355",9%,"3,042",13,17%,SUNPHARMA
Mar 2013,"11,131","6,346","4,784",43%,-90,43,336,"4,315",20%,"3,469",14,9%,SUNPHARMA
Mar 2014,"16,080","9,078","7,003",44%,"-1,968",44,409,"4,581",15%,"3,879",15,10%,SUNPHARMA
Mar 2015,"27,392","19,498","7,894",29%,283,579,"1,195","6,403",14%,"5,476",22,14%,SUNPHARMA
Mar 2016,"28,487","20,313","8,174",29%,-42,523,"1,038","6,571",14%,"5,658",19,5%,SUNPHARMA
Mar 2017,"31,578","21,476","10,102",32%,610,400,"1,265","9,048",13%,"7,846",29,12%,SUNPHARMA
Mar 2018,"26,489","20,858","5,631",21%,-135,518,"1,500","3,479",26%,"2,542",9,23%,SUNPHARMA
Mar 2019,"29,066","22,689","6,377",22%,-258,555,"1,753","3,810",16%,"3,208",11,25%,SUNPHARMA
Mar 2020,"32,838","25,855","6,983",21%,382,303,"2,053","5,010",16%,"4,172",16,25%,SUNPHARMA
Mar 2021,"33,498","25,028","8,470",25%,"-3,449",141,"2,080","2,799",18%,"2,272",12,62%,SUNPHARMA
Mar 2022,"38,654","28,397","10,258",27%,"-3,505",127,"2,144","4,481",24%,"3,389",14,73%,SUNPHARMA
TTM,"39,698","29,236","10,461",26%,"-3,165",106,"2,229","4,962",,"4,079",16,,SUNPHARMA
Mar 2011,"6,003","5,394",609,10%,105,121,99,494,41%,312,4,49%,TATACONSUM
Mar 2012,"6,640","6,017",623,9%,117,70,96,574,25%,417,6,37%,TATACONSUM
Mar 2013,"7,351","6,581",770,10%,56,84,105,637,26%,445,6,36%,TATACONSUM
Mar 2014,"7,738","6,986",752,10%,170,87,129,707,26%,510,8,29%,TATACONSUM
Mar 2015,"7,993","7,201",792,10%,-77,82,133,500,43%,273,4,6%,TATACONSUM
Mar 2016,"6,637","6,271",366,6%,38,117,117,170,118%,-37,0,-2572%,TATACONSUM
Mar 2017,"6,780","5,988",791,12%,88,92,126,662,30%,455,6,38%,TATACONSUM
Mar 2018,"6,815","5,976",839,12%,73,43,116,753,25%,556,8,30%,TATACONSUM
Mar 2019,"7,252","6,466",786,11%,124,52,123,735,36%,457,6,39%,TATACONSUM
Mar 2020,"9,637","8,345","1,292",13%,-163,78,242,809,34%,460,5,54%,TATACONSUM
Mar 2021,"11,602","10,058","1,544",13%,91,69,255,"1,311",24%,930,9,44%,TATACONSUM
Mar 2022,"12,425","10,707","1,719",14%,88,73,278,"1,456",26%,"1,015",10,60%,TATACONSUM
TTM,"12,744","10,967","1,777",14%,75,69,284,"1,499",,"1,092",11,,TATACONSUM
Mar 2011,"122,128","105,541","16,586",14%,891,"2,385","4,656","10,437",12%,"9,322",33,14%,TATAMOTORS
Mar 2012,"165,654","143,439","22,215",13%,-74,"2,982","5,625","13,534",0%,"13,599",48,9%,TATAMOTORS
Mar 2013,"188,793","164,197","24,596",13%,213,"3,560","7,601","13,647",28%,"9,976",35,6%,TATAMOTORS
Mar 2014,"232,834","197,980","34,853",15%,-157,"4,749","11,078","18,869",25%,"14,050",48,5%,TATAMOTORS
Mar 2015,"263,159","223,920","39,239",15%,714,"4,861","13,389","21,703",35%,"14,073",48,0%,TATAMOTORS
Mar 2016,"273,046","234,650","38,395",14%,"-2,670","4,889","16,711","14,126",21%,"11,678",40,1%,TATAMOTORS
Mar 2017,"269,693","240,104","29,589",11%,"1,869","4,238","17,905","9,315",35%,"7,557",26,0%,TATAMOTORS
Mar 2018,"291,550","260,093","31,458",11%,"5,933","4,682","21,554","11,155",39%,"9,091",31,0%,TATAMOTORS
Mar 2019,"301,938","277,274","24,664",8%,"-26,686","5,759","23,591","-31,371",8%,"-28,724",-100,0%,TATAMOTORS
Mar 2020,"261,068","243,081","17,987",7%,102,"7,243","21,425","-10,580",-4%,"-11,975",-39,0%,TATAMOTORS
Mar 2021,"249,795","217,507","32,287",13%,"-11,118","8,097","23,547","-10,474",-24%,"-13,395",-41,0%,TATAMOTORS
Mar 2022,"278,454","253,734","24,720",9%,"2,424","9,312","24,836","-7,003",-60%,"-11,309",-34,0%,TATAMOTORS
TTM,"283,982","262,092","21,890",8%,"4,221","9,529","24,475","-7,893",,"-11,810",-36,,TATAMOTORS
Mar 2011,"118,753","105,312","13,441",11%,"7,031","3,956","4,415","12,102",27%,"8,922",8,13%,TATASTEEL
Mar 2012,"132,900","120,483","12,417",9%,"4,935","4,250","4,517","8,585",42%,"5,217",5,22%,TATASTEEL
Mar 2013,"134,712","130,746","3,965",3%,"1,445","3,968","5,575","-4,133",-78%,"-7,272",-6,-11%,TATASTEEL
Mar 2014,"148,614","132,430","16,184",11%,716,"4,337","5,841","6,722",45%,"3,665",3,27%,TATASTEEL
Mar 2015,"139,504","136,095","3,409",2%,"5,994","4,848","5,944","-1,388",-185%,"-3,939",-3,-20%,TATASTEEL
Mar 2016,"101,965","102,590",-625,-1%,"10,346","4,221","5,306",193,358%,-497,0,-203%,TATASTEEL
Mar 2017,"112,299","99,156","13,144",12%,"-3,789","5,072","5,673","-1,391",-200%,"-4,169",-4,-23%,TATASTEEL
Mar 2018,"123,249","101,816","21,433",17%,"10,898","5,455","5,742","21,135",16%,"17,743",12,9%,TATASTEEL
Mar 2019,"157,669","128,351","29,318",19%,"1,524","7,660","7,342","15,841",42%,"9,122",9,15%,TATASTEEL
Mar 2020,"148,972","131,144","17,828",12%,"-2,920","7,581","8,708","-1,380",185%,"1,172",1,74%,TATASTEEL
Mar 2021,"156,477","125,973","30,504",19%,180,"7,607","9,234","13,844",41%,"8,190",6,40%,TATASTEEL
Mar 2022,"243,959","180,469","63,490",26%,"1,300","5,462","9,101","50,227",17%,"41,749",33,16%,TATASTEEL
TTM,"253,924","191,572","62,352",25%,"1,586","4,869","9,013","50,056",,"39,695",32,,TATASTEEL
Mar 2011,"37,325","26,146","11,178",30%,604,26,735,"11,021",17%,"9,189",23,30%,TCS
Mar 2012,"48,894","34,459","14,435",30%,428,22,918,"13,923",24%,"10,523",27,47%,TCS
Mar 2013,"62,989","44,950","18,040",29%,"1,178",48,"1,080","18,090",22%,"14,076",36,31%,TCS
Mar 2014,"81,809","56,657","25,153",31%,"1,637",39,"1,349","25,402",24%,"19,332",49,33%,TCS
Mar 2015,"94,648","70,167","24,482",26%,"3,720",104,"1,799","26,298",24%,"20,060",51,78%,TCS
Mar 2016,"108,646","77,969","30,677",28%,"3,084",33,"1,888","31,840",24%,"24,338",62,35%,TCS
Mar 2017,"117,966","85,655","32,311",27%,"4,221",32,"1,987","34,513",24%,"26,357",67,35%,TCS
Mar 2018,"123,104","90,588","32,516",26%,"3,642",52,"2,014","34,092",24%,"25,880",67,37%,TCS
Mar 2019,"146,463","106,957","39,506",27%,"4,311",198,"2,056","41,563",24%,"31,562",84,36%,TCS
Mar 2020,"156,949","114,840","42,109",27%,"4,592",924,"3,529","42,248",23%,"32,447",86,85%,TCS
Mar 2021,"164,177","117,631","46,546",28%,"1,916",637,"4,065","43,760",26%,"32,562",88,43%,TCS
Mar 2022,"191,754","138,697","53,057",28%,"4,018",784,"4,604","51,687",26%,"38,449",105,41%,TCS
TTM,"207,543","152,333","55,210",27%,"3,940",843,"4,880","53,427",,"39,749",108,,TCS
Mar 2011,"5,140","3,721","1,419",28%,-287,111,144,877,15%,646,13,8%,TECHM
Mar 2012,"5,490","4,572",918,17%,30,103,161,685,21%,"1,099",21,5%,TECHM
Mar 2013,"6,873","5,451","1,422",21%,-141,103,200,978,24%,"1,307",25,5%,TECHM
Mar 2014,"18,802","14,630","4,172",22%,244,80,522,"3,815",20%,"3,062",32,15%,TECHM
Mar 2015,"22,621","18,428","4,193",19%,106,69,611,"3,618",27%,"2,659",27,22%,TECHM
Mar 2016,"26,494","22,234","4,260",16%,453,97,759,"3,857",22%,"3,027",31,35%,TECHM
Mar 2017,"29,141","24,956","4,184",14%,775,129,978,"3,853",26%,"2,851",29,28%,TECHM
Mar 2018,"30,773","26,063","4,710",15%,"1,417",162,"1,085","4,879",22%,"3,786",39,33%,TECHM
Mar 2019,"34,742","28,471","6,271",18%,534,133,"1,129","5,543",23%,"4,289",44,29%,TECHM
Mar 2020,"36,868","31,365","5,503",15%,"1,192",192,"1,446","5,058",23%,"3,897",42,32%,TECHM
Mar 2021,"37,855","31,059","6,796",18%,788,174,"1,458","5,953",27%,"4,353",46,89%,TECHM
Mar 2022,"44,646","36,626","8,020",18%,"1,115",163,"1,520","7,452",24%,"5,630",57,71%,TECHM
TTM,"47,156","39,134","8,022",17%,952,165,"1,666","7,143",,"5,412",55,,TECHM
Mar 2011,"6,533","5,915",618,9%,55,35,35,603,28%,433,5,13%,TITAN
Mar 2012,"8,848","8,011",838,9%,92,44,46,840,28%,601,7,26%,TITAN
Mar 2013,"10,123","9,109","1,014",10%,99,51,56,"1,006",28%,725,8,26%,TITAN
Mar 2014,"10,927","9,880","1,047",10%,117,87,68,"1,010",27%,735,8,25%,TITAN
Mar 2015,"11,913","10,761","1,153",10%,67,81,90,"1,049",22%,816,9,25%,TITAN
Mar 2016,"11,276","10,337",939,8%,69,42,98,868,22%,675,8,29%,TITAN
Mar 2017,"13,261","12,097","1,164",9%,-42,38,111,973,28%,697,8,32%,TITAN
Mar 2018,"16,120","14,476","1,644",10%,70,53,131,"1,530",28%,"1,102",13,29%,TITAN
Mar 2019,"19,779","17,785","1,994",10%,178,53,163,"1,957",29%,"1,389",16,32%,TITAN
Mar 2020,"21,052","18,589","2,463",12%,153,166,348,"2,102",29%,"1,493",17,24%,TITAN
Mar 2021,"21,644","19,919","1,725",8%,180,203,375,"1,327",27%,974,11,37%,TITAN
Mar 2022,"28,799","25,455","3,344",12%,177,218,399,"2,904",24%,"2,198",24,31%,TITAN
TTM,"34,769","30,369","4,400",13%,178,234,407,"3,937",,"2,970",33,,TITAN
Mar 2011,"13,646","10,950","2,696",20%,154,292,813,"1,745",22%,"1,361",50,12%,ULTRACEMCO
Mar 2012,"18,551","14,357","4,194",23%,371,256,963,"3,345",28%,"2,397",88,9%,ULTRACEMCO
Mar 2013,"20,514","15,674","4,839",24%,304,252,"1,023","3,867",30%,"2,688",98,9%,ULTRACEMCO
Mar 2014,"20,730","16,695","4,035",19%,322,361,"1,139","2,858",23%,"2,213",80,11%,ULTRACEMCO
Mar 2015,"23,306","18,881","4,425",19%,350,587,"1,203","2,986",30%,"2,102",76,12%,ULTRACEMCO
Mar 2016,"25,153","20,252","4,901",19%,464,566,"1,377","3,421",28%,"2,480",90,11%,ULTRACEMCO
Mar 2017,"25,375","20,162","5,212",21%,648,640,"1,348","3,872",30%,"2,714",99,10%,ULTRACEMCO
Mar 2018,"30,979","24,834","6,145",20%,242,"1,238","1,848","3,301",33%,"2,224",81,13%,ULTRACEMCO
Mar 2019,"41,462","34,115","7,347",18%,350,"1,778","2,451","3,468",31%,"2,400",88,13%,ULTRACEMCO
Mar 2020,"42,430","33,184","9,246",22%,651,"1,992","2,723","5,183",-11%,"5,751",199,7%,ULTRACEMCO
Mar 2021,"44,726","33,158","11,568",26%,619,"1,486","2,700","8,001",32%,"5,462",189,20%,ULTRACEMCO
Mar 2022,"52,599","41,084","11,514",22%,669,945,"2,715","8,524",14%,"7,334",254,15%,ULTRACEMCO
TTM,"57,809","47,357","10,452",18%,580,805,"2,781","7,447",,"6,665",231,,ULTRACEMCO
Mar 2011,"5,761","4,714","1,047",18%,144,312,214,664,11%,568,8,17%,UPL
Mar 2012,"7,671","6,321","1,351",18%,85,415,292,729,18%,561,8,21%,UPL
Mar 2013,"9,186","7,531","1,654",18%,72,429,354,944,22%,773,12,14%,UPL
Mar 2014,"10,771","8,753","2,018",19%,30,485,407,"1,157",19%,957,15,18%,UPL
Mar 2015,"12,091","9,728","2,363",20%,-11,517,425,"1,410",17%,"1,187",18,19%,UPL
Mar 2016,"14,048","11,700","2,348",17%,149,704,676,"1,117",15%,952,15,23%,UPL
Mar 2017,"16,312","13,346","2,966",18%,363,735,672,"1,922",10%,"1,733",23,20%,UPL
Mar 2018,"17,378","13,966","3,412",20%,351,783,675,"2,305",12%,"2,030",27,20%,UPL
Mar 2019,"21,837","18,024","3,813",17%,-197,963,880,"1,773",11%,"1,575",20,27%,UPL
Mar 2020,"35,756","28,984","6,772",19%,-515,"1,481","2,012","2,764",21%,"2,178",23,26%,UPL
Mar 2021,"38,694","30,342","8,352",22%,62,"2,060","2,173","4,181",16%,"3,495",38,27%,UPL
Mar 2022,"46,240","36,711","9,529",21%,91,"2,295","2,359","4,966",11%,"4,437",47,21%,UPL
TTM,"48,546","38,645","9,901",20%,135,"2,207","2,396","5,433",,"4,693",50,,UPL
Mar 2011,"31,038","24,592","6,446",21%,771,193,789,"6,235",16%,"5,327",8,28%,WIPRO
Mar 2012,"37,188","30,156","7,032",19%,"1,268",344,975,"6,981",20%,"5,630",9,26%,WIPRO
Mar 2013,"37,430","29,773","7,657",20%,"1,440",289,940,"7,869",21%,"6,182",9,28%,WIPRO
Mar 2014,"43,424","33,788","9,635",22%,"1,922",383,"1,060","10,114",21%,"7,991",12,25%,WIPRO
Mar 2015,"46,951","36,652","10,299",22%,"2,450",350,"1,175","11,224",22%,"8,714",13,34%,WIPRO
Mar 2016,"51,244","40,448","10,796",21%,"2,752",558,"1,496","11,494",22%,"8,957",14,17%,WIPRO
Mar 2017,"55,448","44,128","11,321",20%,"2,623",594,"2,310","11,039",23%,"8,518",13,6%,WIPRO
Mar 2018,"54,487","44,100","10,387",19%,"2,550",583,"2,112","10,242",22%,"8,003",13,6%,WIPRO
Mar 2019,"59,019","47,406","11,613",20%,"2,614",738,"1,947","11,542",22%,"9,018",15,7%,WIPRO
Mar 2020,"61,138","48,795","12,342",20%,"2,728",733,"2,086","12,252",20%,"9,772",17,6%,WIPRO
Mar 2021,"61,935","47,164","14,771",24%,"2,404",509,"2,763","13,903",22%,"10,868",20,5%,WIPRO
Mar 2022,"79,312","62,628","16,684",21%,"2,067",532,"3,078","15,141",19%,"12,243",22,27%,WIPRO
TTM,"85,244","69,135","16,109",19%,"1,968",744,"3,051","14,283",,"11,273",21,,WIPRO